cdrn,eta,alb_snow,alb_slush,d18Oa,f,melt_ratio,rsm_ratio,p,s,thaw_threshold,freeze_threshold,rp_ratio_freeze,rp_ratio_cold,rp_ratio_mild,rp_ratio_warm,d2Ha,trial
0.001892891,0.933513895,0.855977232,0.504929509,-21.88344639,0.700113535,0.97350917,0.960004265,87.94667262,0.798934803,2.261271117,3.480299105,0.605562982,0.150382744,0.562519971,0.914341837,-165.0675711,0
0.002405608,0.416475467,0.701835202,0.449092878,-23.26344723,0.324839159,0.588730953,0.379061565,28.7692282,0.893819103,1.786626427,5.287293207,0.927506932,0.913842271,0.328579426,0.504001571,-176.1075778,1
0.001274161,0.571593907,0.812502829,0.564338378,-25.15370937,0.697520892,0.634585723,0.140903839,93.55653741,0.217048133,4.691043942,6.518848026,0.593686653,0.865326449,0.9880421,0.243513244,-191.2296749,2
0.0022426,0.805251888,0.820204618,0.673202591,-11.47221113,0.55509455,0.239772924,0.31903074,41.0882932,0.599035472,3.494958548,5.649219847,0.026124389,0.066032015,0.120466139,0.409718111,-81.77768901,3
0.001714441,0.863360004,0.735716803,0.594897632,-14.25907954,0.118060609,0.053108115,0.636828757,68.55760859,0.31428671,0.857936669,2.781995172,0.748751217,0.772789129,0.644882979,0.11930413,-104.0726363,4
