1.000	1.000	1.000	244.228	0.990	2.714	101.585	166.657	945.252	46.747	-18.847	-141.354
1.000	2.000	1.000	251.501	0.990	1.104	146.574	181.761	946.612	84.135	-11.248	-74.368
1.000	3.000	1.000	257.805	0.880	3.098	226.895	192.774	946.893	80.044	-13.925	-97.481
1.000	4.000	1.000	266.944	0.914	2.161	276.904	233.735	946.387	84.235	-14.104	-96.185
1.000	5.000	1.000	274.115	0.806	4.584	267.882	275.128	951.050	122.363	-13.102	-85.846
1.000	6.000	1.000	284.672	0.743	0.813	340.051	289.835	949.852	87.388	-10.344	-67.717
1.000	7.000	1.000	289.888	0.780	1.010	273.869	334.645	950.009	65.946	-8.354	-54.786
1.000	8.000	1.000	286.563	0.784	0.474	223.223	317.419	949.052	68.293	-11.570	-76.966
1.000	9.000	1.000	277.217	0.828	1.902	156.562	279.280	949.352	123.977	-13.224	-86.476
1.000	10.000	1.000	266.947	0.968	0.745	121.439	240.634	945.768	95.875	-13.768	-94.396
1.000	11.000	1.000	252.486	0.903	2.576	106.861	177.238	947.102	21.451	-15.928	-112.132
1.000	12.000	1.000	243.425	0.990	1.465	87.685	159.465	948.169	40.353	-17.386	-124.816
2.000	1.000	1.000	236.715	0.990	2.051	106.473	137.943	950.287	41.205	-19.855	-146.733
2.000	2.000	1.000	249.180	0.990	2.037	153.620	176.474	946.167	59.179	-16.063	-114.348
2.000	3.000	1.000	255.789	0.918	1.135	211.283	202.147	946.881	88.714	-13.932	-95.204
2.000	4.000	1.000	263.938	0.909	0.999	266.366	227.803	950.022	126.731	-12.208	-81.913
2.000	5.000	1.000	273.926	0.835	1.994	298.032	262.403	946.448	161.583	-12.218	-81.098
2.000	6.000	1.000	284.861	0.703	2.091	344.864	292.344	947.356	48.271	-10.462	-67.428
2.000	7.000	1.000	286.421	0.696	1.993	309.721	306.838	947.883	88.467	-10.639	-69.337
2.000	8.000	1.000	284.124	0.834	0.893	219.629	306.629	948.580	109.975	-11.593	-76.876
2.000	9.000	1.000	278.154	0.834	1.103	178.903	276.572	948.272	83.419	-15.349	-105.423
2.000	10.000	1.000	266.589	0.892	2.386	131.998	234.784	948.681	103.297	-14.898	-101.534
2.000	11.000	1.000	250.444	0.990	2.213	103.160	181.740	947.432	66.064	-17.259	-122.058
2.000	12.000	1.000	242.377	0.990	1.273	82.441	163.872	944.144	85.333	-17.475	-126.602
3.000	1.000	1.000	240.702	0.990	1.922	100.629	159.349	944.142	60.022	-17.798	-130.748
3.000	2.000	1.000	241.195	0.990	2.303	162.794	142.444	950.098	32.888	-19.021	-140.270
3.000	3.000	1.000	259.063	0.990	2.273	203.459	214.415	948.907	63.317	-11.217	-72.116
3.000	4.000	1.000	265.986	0.868	2.075	286.438	225.968	947.714	89.501	-12.287	-79.972
3.000	5.000	1.000	274.199	0.834	1.833	291.744	264.953	952.134	126.615	-10.888	-70.448
3.000	6.000	1.000	284.729	0.723	1.354	329.724	293.373	945.452	54.556	-11.987	-80.943
3.000	7.000	1.000	288.227	0.658	1.645	323.122	306.811	948.508	36.942	-11.997	-81.330
3.000	8.000	1.000	286.414	0.812	0.641	210.349	322.575	950.871	99.706	-9.484	-62.240
3.000	9.000	1.000	279.571	0.865	1.222	166.600	285.394	949.839	127.917	-12.049	-79.412
3.000	10.000	1.000	267.079	0.986	1.183	126.288	240.353	945.406	72.908	-13.582	-92.729
3.000	11.000	1.000	254.899	0.990	2.726	87.306	211.553	948.947	134.130	-14.807	-103.144
3.000	12.000	1.000	236.483	0.990	1.567	88.408	137.944	944.176	30.607	-19.534	-144.035
4.000	1.000	1.000	238.590	0.854	2.820	113.204	134.030	947.651	6.796	-17.928	-134.547
4.000	2.000	1.000	254.070	0.991	3.203	145.615	193.753	950.896	67.038	-14.608	-103.994
4.000	3.000	1.000	255.853	0.950	1.397	229.193	187.669	948.741	52.690	-18.024	-130.756
4.000	4.000	1.000	268.061	0.911	2.879	241.844	252.207	947.399	254.631	-11.675	-76.663
4.000	5.000	1.000	273.822	0.745	2.850	349.438	237.609	950.527	32.748	-14.082	-94.455
4.000	6.000	1.000	282.841	0.735	1.575	321.503	287.007	947.678	62.406	-12.504	-84.409
4.000	7.000	1.000	287.121	0.802	1.262	258.297	324.606	947.468	111.159	-10.872	-70.616
4.000	8.000	1.000	283.105	0.787	1.137	241.612	293.157	948.161	152.294	-12.820	-84.924
4.000	9.000	1.000	275.269	0.912	2.251	147.630	280.587	951.159	127.289	-16.467	-114.730
4.000	10.000	1.000	264.715	0.900	1.418	139.290	227.965	947.999	48.565	-16.558	-113.906
4.000	11.000	1.000	242.851	0.976	2.330	113.773	144.639	945.014	21.623	-19.300	-139.844
4.000	12.000	1.000	245.675	0.990	1.723	83.339	170.639	945.495	69.662	-18.100	-131.805
5.000	1.000	1.000	237.980	0.967	1.502	105.757	142.540	946.797	31.032	-18.680	-138.663
5.000	2.000	1.000	245.577	0.921	2.356	159.364	154.960	944.888	17.356	-16.931	-121.991
5.000	3.000	1.000	258.007	0.990	0.718	210.523	206.139	946.639	77.167	-16.297	-116.442
5.000	4.000	1.000	265.709	0.820	2.562	287.872	224.784	948.316	63.118	-14.738	-100.613
5.000	5.000	1.000	276.251	0.767	1.691	321.984	255.711	948.953	93.098	-11.269	-73.675
5.000	6.000	1.000	283.789	0.686	2.372	355.870	283.402	947.160	35.126	-15.752	-111.207
5.000	7.000	1.000	285.152	0.736	1.706	278.163	307.258	949.055	57.774	-11.661	-76.521
5.000	8.000	1.000	281.876	0.773	2.196	262.451	276.606	950.617	36.265	-10.783	-71.119
5.000	9.000	1.000	275.239	0.827	2.746	172.059	267.295	951.258	154.941	-13.510	-89.105
5.000	10.000	1.000	264.130	0.990	0.898	134.958	227.451	944.253	93.637	-14.343	-99.755
5.000	11.000	1.000	251.636	0.968	1.812	105.498	184.291	945.356	45.733	-20.171	-147.438
5.000	12.000	1.000	244.732	0.879	2.321	88.510	163.159	947.670	31.928	-18.343	-133.431
6.000	1.000	1.000	240.668	0.990	1.689	100.530	155.029	943.320	41.554	-18.618	-136.107
6.000	2.000	1.000	251.266	0.990	1.145	144.880	188.243	949.885	77.462	-12.961	-86.097
6.000	3.000	1.000	255.767	0.957	0.815	209.374	202.385	946.435	90.647	-13.378	-91.542
6.000	4.000	1.000	262.846	0.901	1.739	293.755	213.133	947.296	80.729	-14.873	-102.704
6.000	5.000	1.000	274.688	0.794	1.576	324.661	252.660	947.120	95.441	-12.859	-85.465
6.000	6.000	1.000	283.947	0.753	1.401	328.342	290.191	949.228	53.721	-11.752	-77.629
6.000	7.000	1.000	288.202	0.727	1.771	297.871	320.195	947.677	40.936	-11.117	-74.697
6.000	8.000	1.000	284.368	0.787	1.700	218.283	308.337	948.497	70.581	-12.481	-82.630
6.000	9.000	1.000	278.421	0.856	1.421	128.422	300.622	950.851	140.611	-14.409	-98.228
6.000	10.000	1.000	271.304	0.838	0.836	127.869	246.134	948.905	88.038	-13.744	-93.755
6.000	11.000	1.000	253.584	0.990	1.915	100.135	192.727	946.605	64.239	-17.106	-120.943
6.000	12.000	1.000	247.633	0.990	2.951	79.524	182.392	949.531	82.828	-17.063	-124.036
7.000	1.000	1.000	243.524	0.990	0.819	99.195	167.335	945.338	66.725	-16.566	-118.099
7.000	2.000	1.000	248.298	0.990	1.974	142.970	183.551	947.578	70.693	-16.989	-122.895
7.000	3.000	1.000	255.910	0.990	1.173	219.735	194.905	944.589	57.755	-15.061	-105.238
7.000	4.000	1.000	262.894	0.840	2.065	319.240	193.771	947.594	46.769	-12.584	-81.919
7.000	5.000	1.000	276.258	0.791	2.392	276.422	270.537	948.337	110.463	-12.631	-83.602
7.000	6.000	1.000	284.295	0.771	1.676	299.543	301.566	950.032	97.043	-11.281	-74.714
7.000	7.000	1.000	289.278	0.756	0.692	279.706	328.065	948.152	67.016	-11.654	-79.055
7.000	8.000	1.000	284.840	0.788	1.724	231.239	307.578	948.150	29.461	-11.036	-73.565
7.000	9.000	1.000	277.405	0.803	1.582	186.900	265.401	948.892	131.519	-15.884	-109.991
7.000	10.000	1.000	267.503	0.943	2.398	108.016	256.859	947.495	151.053	-15.291	-104.677
7.000	11.000	1.000	251.035	0.971	2.324	100.348	187.721	946.711	53.755	-17.087	-121.120
7.000	12.000	1.000	241.842	0.990	2.359	87.543	155.536	949.568	40.404	-15.629	-109.376
8.000	1.000	1.000	241.947	0.990	1.448	104.717	152.036	945.154	40.121	-16.342	-116.607
8.000	2.000	1.000	251.502	0.990	2.165	137.761	194.573	948.102	170.848	-15.034	-105.708
8.000	3.000	1.000	252.043	0.917	1.423	242.896	169.236	944.504	34.389	-17.863	-131.283
8.000	4.000	1.000	264.886	0.881	1.679	300.028	215.420	947.582	54.949	-11.460	-73.510
8.000	5.000	1.000	275.004	0.750	1.659	330.875	249.475	948.687	57.116	-12.886	-85.815
8.000	6.000	1.000	285.102	0.754	1.392	312.355	302.236	946.973	67.826	-10.245	-65.728
8.000	7.000	1.000	286.757	0.719	1.547	287.328	312.278	948.337	26.205	-10.981	-74.456
8.000	8.000	1.000	284.210	0.858	0.918	196.958	316.374	948.332	214.076	-12.601	-84.424
8.000	9.000	1.000	278.363	0.786	1.514	196.729	267.846	949.952	88.708	-14.049	-95.508
8.000	10.000	1.000	269.304	0.914	1.592	123.366	244.981	948.028	67.136	-12.325	-81.893
8.000	11.000	1.000	254.614	0.990	2.050	99.080	195.667	949.347	56.802	-14.944	-104.152
8.000	12.000	1.000	241.505	0.990	2.040	83.380	159.707	948.511	67.716	-18.773	-136.770
9.000	1.000	1.000	246.172	0.990	2.265	100.606	172.867	946.578	60.297	-19.551	-143.023
9.000	2.000	1.000	243.229	0.990	1.623	150.867	157.888	948.423	88.831	-17.629	-127.093
9.000	3.000	1.000	250.540	0.925	1.516	237.927	170.889	944.133	46.113	-17.618	-126.245
9.000	4.000	1.000	264.537	0.924	1.774	269.889	228.177	947.950	116.479	-11.597	-75.253
9.000	5.000	1.000	273.256	0.782	2.130	340.714	243.623	948.649	83.098	-13.376	-90.071
9.000	6.000	1.000	283.377	0.800	1.555	294.017	301.614	949.814	78.078	-11.613	-77.650
9.000	7.000	1.000	288.249	0.770	0.579	270.098	324.847	948.134	45.335	-9.308	-59.755
9.000	8.000	1.000	284.631	0.807	1.415	245.276	301.495	947.907	68.549	-10.561	-70.054
9.000	9.000	1.000	276.420	0.807	2.156	164.348	275.838	950.626	146.217	-13.655	-93.030
9.000	10.000	1.000	273.659	0.928	1.471	106.971	269.168	945.992	75.413	-14.138	-98.443
9.000	11.000	1.000	257.358	0.974	2.910	88.770	217.720	947.699	134.208	-16.496	-115.418
9.000	12.000	1.000	244.818	0.990	2.042	83.024	171.902	947.674	60.485	-17.628	-127.318
10.000	1.000	1.000	244.838	0.990	1.179	98.068	172.931	945.974	92.143	-15.739	-113.446
10.000	2.000	1.000	254.477	0.990	1.143	129.467	212.452	945.787	153.209	-13.133	-91.163
10.000	3.000	1.000	255.307	0.990	1.349	218.202	191.081	944.803	48.198	-14.847	-102.682
10.000	4.000	1.000	262.588	0.973	1.573	295.771	208.005	950.211	50.321	-11.466	-75.529
10.000	5.000	1.000	277.451	0.790	1.370	288.782	272.252	947.588	137.299	-12.926	-88.387
10.000	6.000	1.000	283.679	0.729	1.757	317.494	291.309	950.380	68.115	-12.202	-80.430
10.000	7.000	1.000	287.483	0.770	0.815	267.330	323.038	949.418	115.313	-11.814	-78.929
10.000	8.000	1.000	284.348	0.767	1.532	253.135	294.693	948.851	72.959	-12.314	-82.497
10.000	9.000	1.000	274.943	0.849	3.341	169.284	271.784	951.626	148.844	-15.260	-105.176
10.000	10.000	1.000	263.742	0.914	1.841	138.858	223.810	948.358	52.497	-17.951	-127.410
10.000	11.000	1.000	250.702	0.990	1.711	101.272	185.321	947.497	106.318	-17.534	-123.784
10.000	12.000	1.000	243.658	0.990	1.761	84.171	166.091	943.641	88.718	-15.842	-113.933
11.000	1.000	1.000	239.759	0.990	2.382	101.250	153.126	946.354	42.884	-18.965	-140.976
11.000	2.000	1.000	249.206	0.990	1.914	151.274	178.823	948.366	58.905	-18.046	-130.672
11.000	3.000	1.000	254.666	0.948	1.118	229.669	183.847	946.802	70.529	-15.860	-113.847
11.000	4.000	1.000	267.323	0.894	1.350	282.243	232.176	949.113	121.033	-11.612	-76.539
11.000	5.000	1.000	275.827	0.802	2.009	275.649	272.272	948.597	103.192	-11.750	-77.487
11.000	6.000	1.000	287.026	0.783	1.834	268.018	326.654	946.955	57.957	-10.620	-69.525
11.000	7.000	1.000	289.296	0.732	1.324	283.216	330.654	947.118	65.702	-10.955	-72.554
11.000	8.000	1.000	282.387	0.812	2.362	219.352	299.348	947.374	89.827	-11.542	-74.926
11.000	9.000	1.000	280.671	0.794	1.047	188.118	277.769	950.271	70.889	-12.312	-81.734
11.000	10.000	1.000	263.246	0.975	1.784	135.665	224.824	948.840	84.759	-15.489	-109.332
11.000	11.000	1.000	256.112	0.990	2.244	93.852	206.892	949.386	47.377	-14.828	-102.933
11.000	12.000	1.000	240.430	0.990	1.626	87.091	150.924	947.710	41.838	-19.326	-142.018
12.000	1.000	1.000	242.641	0.990	1.088	99.816	164.844	944.161	42.647	-16.215	-118.701
12.000	2.000	1.000	243.462	0.990	2.075	157.732	155.964	948.365	30.411	-18.934	-140.170
12.000	3.000	1.000	256.757	0.918	2.094	220.653	197.566	944.377	120.093	-13.361	-91.070
12.000	4.000	1.000	266.364	0.882	1.067	276.033	226.864	946.977	58.261	-12.732	-84.745
12.000	5.000	1.000	274.363	0.787	2.287	307.946	253.030	949.542	88.650	-11.259	-73.997
12.000	6.000	1.000	284.449	0.770	1.411	292.179	304.272	949.556	91.525	-10.084	-65.240
12.000	7.000	1.000	286.527	0.764	1.839	273.236	315.366	948.924	65.193	-11.024	-73.272
12.000	8.000	1.000	284.201	0.825	0.797	215.048	310.083	945.403	55.441	-10.466	-67.336
12.000	9.000	1.000	279.613	0.873	2.110	143.456	298.870	950.907	148.606	-12.903	-86.167
12.000	10.000	1.000	271.005	0.926	1.359	112.132	257.334	945.998	100.772	-14.324	-96.903
12.000	11.000	1.000	250.365	0.990	2.556	107.200	172.304	946.469	23.858	-18.660	-134.893
12.000	12.000	1.000	245.918	0.990	1.949	83.447	171.602	943.612	93.656	-14.693	-103.874
13.000	1.000	1.000	242.628	0.990	1.302	103.098	158.472	943.528	70.255	-16.508	-118.331
13.000	2.000	1.000	249.779	0.990	0.925	142.900	187.494	942.239	99.266	-15.760	-112.035
13.000	3.000	1.000	251.531	0.990	1.443	232.358	173.239	946.847	56.289	-15.646	-111.841
13.000	4.000	1.000	262.875	0.885	1.236	291.718	216.028	948.458	84.074	-13.746	-93.272
13.000	5.000	1.000	273.791	0.859	2.313	290.276	266.721	950.971	139.948	-12.740	-85.470
13.000	6.000	1.000	283.046	0.756	1.922	294.903	295.883	949.002	122.691	-11.721	-77.465
13.000	7.000	1.000	286.110	0.795	0.704	235.213	326.001	946.764	127.952	-11.100	-72.909
13.000	8.000	1.000	283.018	0.738	1.263	250.830	288.830	948.491	51.256	-14.889	-100.872
13.000	9.000	1.000	276.552	0.829	2.026	164.852	278.633	950.555	118.531	-14.407	-97.689
13.000	10.000	1.000	265.149	0.990	1.992	116.696	243.542	947.019	100.178	-14.835	-101.626
13.000	11.000	1.000	247.590	0.914	2.804	106.112	169.372	948.275	57.536	-16.528	-114.743
13.000	12.000	1.000	234.456	0.936	2.037	93.281	124.398	946.266	17.924	-22.838	-170.183
14.000	1.000	1.000	238.988	0.990	1.563	99.068	153.750	949.366	79.384	-17.083	-123.217
14.000	2.000	1.000	248.983	0.990	1.773	147.128	178.671	947.971	82.772	-17.064	-122.339
14.000	3.000	1.000	256.880	0.899	1.617	231.522	190.397	946.117	44.552	-16.002	-113.088
14.000	4.000	1.000	264.841	0.853	2.072	305.336	207.448	946.624	39.179	-13.093	-86.681
14.000	5.000	1.000	277.930	0.794	1.770	285.552	276.985	948.699	46.997	-11.301	-74.701
14.000	6.000	1.000	285.175	0.686	2.565	348.746	292.200	949.424	64.387	-12.087	-81.929
14.000	7.000	1.000	286.267	0.718	1.546	292.437	305.320	947.565	37.839	-10.611	-70.146
14.000	8.000	1.000	281.959	0.777	1.682	226.053	294.264	948.304	145.094	-12.938	-87.637
14.000	9.000	1.000	276.587	0.914	1.339	171.732	267.895	951.437	116.864	-13.628	-91.891
14.000	10.000	1.000	270.978	0.869	0.837	120.235	251.736	947.704	105.500	-14.257	-97.050
14.000	11.000	1.000	255.145	0.990	2.237	100.594	191.728	950.287	54.874	-18.620	-134.042
14.000	12.000	1.000	246.161	0.939	1.769	84.076	172.375	948.297	60.468	-17.276	-124.054
15.000	1.000	1.000	239.230	0.975	1.788	107.736	140.246	948.620	15.046	-19.205	-141.198
15.000	2.000	1.000	240.173	0.918	1.921	160.327	142.682	947.328	28.834	-18.898	-139.658
15.000	3.000	1.000	254.340	0.966	0.961	230.661	184.285	946.955	51.162	-16.135	-112.805
15.000	4.000	1.000	266.744	0.794	2.707	301.769	218.415	949.521	37.584	-15.473	-107.721
15.000	5.000	1.000	277.053	0.799	2.073	281.669	272.200	950.869	79.930	-10.200	-65.630
15.000	6.000	1.000	284.198	0.770	1.759	308.768	299.008	948.404	88.894	-9.955	-63.717
15.000	7.000	1.000	285.650	0.761	1.186	276.681	312.539	948.869	75.714	-11.212	-72.368
15.000	8.000	1.000	284.543	0.826	1.637	204.758	315.264	948.413	143.056	-12.231	-81.401
15.000	9.000	1.000	279.397	0.876	1.152	159.853	286.369	950.928	166.796	-12.211	-80.528
15.000	10.000	1.000	269.307	0.853	0.812	132.966	237.685	947.686	81.504	-15.681	-105.763
15.000	11.000	1.000	257.413	0.990	1.191	82.608	218.512	948.438	111.431	-15.582	-108.032
15.000	12.000	1.000	238.496	0.917	2.229	87.922	145.348	947.523	25.640	-21.391	-160.777
16.000	1.000	1.000	243.741	0.990	1.468	102.342	162.086	943.784	39.463	-17.825	-131.220
16.000	2.000	1.000	245.948	0.990	1.317	152.762	166.221	946.886	66.231	-16.332	-118.694
16.000	3.000	1.000	251.636	0.990	1.030	234.815	172.670	947.881	43.947	-14.060	-97.458
16.000	4.000	1.000	266.982	0.908	1.430	258.578	242.408	947.500	148.432	-12.817	-85.976
16.000	5.000	1.000	276.123	0.799	2.009	296.223	269.880	949.754	75.687	-12.179	-83.223
16.000	6.000	1.000	286.509	0.717	1.886	334.495	302.178	949.231	59.716	-10.038	-66.041
16.000	7.000	1.000	288.327	0.759	1.150	292.238	318.721	947.194	81.026	-9.663	-63.237
16.000	8.000	1.000	284.805	0.783	1.732	234.951	308.893	949.565	63.117	-9.252	-59.395
16.000	9.000	1.000	278.014	0.838	0.684	163.334	281.719	948.795	168.345	-15.248	-105.615
16.000	10.000	1.000	263.794	0.894	2.029	147.773	220.407	948.485	76.330	-15.671	-106.644
16.000	11.000	1.000	249.317	0.967	2.529	103.208	179.319	948.761	41.779	-19.434	-139.936
16.000	12.000	1.000	244.223	0.976	1.768	81.293	171.425	946.572	51.890	-18.633	-135.642
17.000	1.000	1.000	250.277	0.990	1.873	90.560	195.947	944.875	111.670	-15.485	-111.959
17.000	2.000	1.000	248.826	0.989	2.294	146.768	179.655	946.019	65.824	-16.602	-117.997
17.000	3.000	1.000	258.033	0.993	1.796	216.047	203.686	945.126	89.816	-15.220	-104.890
17.000	4.000	1.000	267.136	0.917	1.588	268.833	235.271	949.461	146.840	-11.661	-75.950
17.000	5.000	1.000	275.837	0.836	2.059	314.045	267.811	949.891	49.822	-12.807	-86.019
17.000	6.000	1.000	285.824	0.793	0.854	262.300	321.945	948.702	204.318	-11.579	-76.811
17.000	7.000	1.000	286.518	0.737	1.832	306.494	303.700	949.404	32.506	-9.976	-65.898
17.000	8.000	1.000	284.000	0.769	2.083	266.668	289.491	948.424	47.985	-10.876	-71.796
17.000	9.000	1.000	279.076	0.801	2.060	190.079	271.162	953.428	24.689	-12.016	-80.601
17.000	10.000	1.000	268.999	0.977	1.289	130.456	247.648	949.215	93.930	-15.909	-112.556
17.000	11.000	1.000	253.359	0.969	2.728	96.090	198.196	946.885	70.692	-15.606	-109.629
17.000	12.000	1.000	242.612	0.990	1.920	86.346	157.762	946.889	45.916	-16.666	-119.297
18.000	1.000	1.000	248.120	0.990	2.388	101.235	177.827	949.287	62.914	-14.776	-104.179
18.000	2.000	1.000	246.947	0.969	1.587	153.436	168.047	940.308	77.772	-15.890	-115.134
18.000	3.000	1.000	254.488	0.925	1.856	225.276	182.242	942.893	102.896	-13.583	-94.065
18.000	4.000	1.000	266.975	0.858	1.391	286.530	231.880	948.403	61.109	-11.926	-78.464
18.000	5.000	1.000	276.443	0.785	1.469	312.963	259.689	948.796	83.159	-12.010	-81.407
18.000	6.000	1.000	286.928	0.686	1.980	334.916	298.710	949.944	28.186	-9.890	-66.568
18.000	7.000	1.000	289.389	0.782	0.808	278.246	329.210	948.178	122.411	-10.550	-69.277
18.000	8.000	1.000	284.634	0.830	1.009	196.582	314.524	947.349	170.989	-12.188	-81.979
18.000	9.000	1.000	275.725	0.856	2.522	169.484	274.178	952.556	150.366	-13.979	-94.626
18.000	10.000	1.000	261.055	0.990	2.560	136.235	223.678	949.101	105.115	-15.456	-105.209
18.000	11.000	1.000	249.851	0.886	3.391	104.134	178.822	947.775	49.110	-17.596	-125.127
18.000	12.000	1.000	242.064	0.990	2.585	86.914	154.903	946.058	31.988	-19.407	-141.019
19.000	1.000	1.000	241.212	0.990	1.853	105.205	151.121	942.107	48.387	-17.781	-129.603
19.000	2.000	1.000	253.337	0.990	1.401	140.709	199.935	944.634	92.992	-14.985	-105.696
19.000	3.000	1.000	259.153	0.990	1.353	216.835	204.258	947.785	81.860	-11.068	-73.355
19.000	4.000	1.000	265.499	0.867	2.613	270.326	235.856	946.231	117.161	-12.568	-82.653
19.000	5.000	1.000	274.658	0.865	1.411	321.145	256.637	947.111	99.081	-12.807	-85.631
19.000	6.000	1.000	285.651	0.795	1.568	271.141	315.946	946.419	62.371	-11.714	-78.711
19.000	7.000	1.000	287.909	0.764	1.375	288.682	320.455	948.591	68.182	-9.363	-61.076
19.000	8.000	1.000	284.340	0.723	1.942	261.842	290.835	950.728	55.647	-10.602	-69.920
19.000	9.000	1.000	279.791	0.908	0.619	143.046	300.053	948.163	176.473	-12.681	-84.274
19.000	10.000	1.000	270.494	0.990	1.380	109.294	259.678	947.246	190.595	-14.407	-99.918
19.000	11.000	1.000	247.554	0.990	2.485	106.511	169.257	945.342	47.582	-17.730	-125.595
19.000	12.000	1.000	241.329	0.990	2.594	87.935	152.559	946.677	32.179	-18.974	-137.778
20.000	1.000	1.000	246.918	0.990	2.441	100.900	174.061	945.155	51.118	-16.432	-115.754
20.000	2.000	1.000	246.279	0.990	1.796	159.198	158.803	947.631	41.856	-17.900	-130.660
20.000	3.000	1.000	253.413	0.947	1.417	228.411	184.150	941.855	55.123	-15.353	-107.149
20.000	4.000	1.000	265.744	0.839	3.058	294.405	217.135	947.798	54.685	-12.676	-85.311
20.000	5.000	1.000	275.723	0.799	1.888	293.210	262.572	950.841	72.770	-11.434	-75.705
20.000	6.000	1.000	282.126	0.732	1.718	263.200	298.499	949.608	66.400	-11.922	-80.072
20.000	7.000	1.000	287.414	0.764	1.211	292.526	313.856	947.592	69.175	-10.730	-71.179
20.000	8.000	1.000	284.455	0.836	1.949	171.943	325.500	949.360	150.230	-11.635	-77.269
20.000	9.000	1.000	272.756	0.834	2.006	203.992	241.212	952.065	108.730	-13.555	-89.399
20.000	10.000	1.000	259.544	0.975	2.615	145.037	202.788	951.871	50.522	-16.805	-117.949
20.000	11.000	1.000	249.914	0.934	2.069	99.768	183.440	947.076	61.416	-18.306	-129.076
20.000	12.000	1.000	244.302	0.908	2.094	86.940	163.874	949.851	33.522	-20.744	-155.685
21.000	1.000	1.000	239.433	0.933	2.708	107.998	143.313	948.274	22.399	-20.321	-150.217
21.000	2.000	1.000	241.186	0.990	1.403	164.764	140.984	948.235	26.584	-15.901	-112.403
21.000	3.000	1.000	255.371	0.972	1.494	226.247	187.635	946.886	42.677	-17.360	-125.784
21.000	4.000	1.000	265.100	0.892	2.007	284.659	224.783	945.538	91.605	-14.789	-103.011
21.000	5.000	1.000	275.528	0.728	3.418	341.540	250.826	950.055	50.445	-14.534	-100.801
21.000	6.000	1.000	287.947	0.778	0.999	296.135	324.615	949.249	75.936	-8.954	-58.300
21.000	7.000	1.000	286.175	0.740	2.040	294.093	308.608	947.623	65.475	-10.769	-71.103
21.000	8.000	1.000	286.399	0.793	0.712	234.338	312.915	948.435	106.034	-10.586	-67.963
21.000	9.000	1.000	279.812	0.853	0.802	168.264	282.633	951.595	71.714	-13.052	-88.906
21.000	10.000	1.000	269.726	0.944	1.780	120.124	247.923	950.477	158.985	-15.423	-107.375
21.000	11.000	1.000	258.454	0.982	1.883	85.626	223.556	949.133	147.382	-15.195	-105.712
21.000	12.000	1.000	247.469	0.990	1.482	78.425	184.337	945.116	103.511	-14.327	-101.418
22.000	1.000	1.000	250.590	0.990	1.778	92.518	195.954	943.700	110.224	-15.612	-112.512
22.000	2.000	1.000	247.850	0.990	1.926	148.776	177.922	949.870	98.935	-13.799	-97.379
22.000	3.000	1.000	254.275	0.871	1.670	230.698	181.265	944.934	62.848	-13.259	-89.871
22.000	4.000	1.000	264.366	0.938	1.198	279.606	221.937	948.032	115.619	-12.491	-81.161
22.000	5.000	1.000	270.626	0.841	2.187	325.905	242.489	948.705	47.573	-11.565	-75.561
22.000	6.000	1.000	281.892	0.716	2.314	344.009	280.150	950.739	16.318	-10.131	-63.743
22.000	7.000	1.000	287.475	0.721	2.018	301.223	310.445	947.012	33.842	-11.912	-80.269
22.000	8.000	1.000	283.216	0.725	1.748	250.242	289.150	950.217	53.782	-11.469	-75.306
22.000	9.000	1.000	278.509	0.880	1.490	163.171	285.224	949.794	189.559	-13.427	-90.583
22.000	10.000	1.000	270.624	0.977	0.946	124.361	243.365	947.287	85.625	-13.824	-94.385
22.000	11.000	1.000	255.545	0.947	1.598	101.100	193.945	947.131	73.933	-16.739	-117.394
22.000	12.000	1.000	244.039	0.990	2.101	84.232	164.907	949.800	40.030	-19.839	-147.383
23.000	1.000	1.000	245.021	0.990	2.377	98.839	170.792	948.326	42.034	-17.074	-123.727
23.000	2.000	1.000	247.152	0.990	1.205	145.219	177.360	945.643	145.998	-13.183	-90.722
23.000	3.000	1.000	253.759	0.931	1.307	237.071	178.085	947.424	54.879	-14.435	-98.079
23.000	4.000	1.000	263.603	0.912	1.174	276.892	220.036	944.937	82.584	-12.366	-82.691
23.000	5.000	1.000	273.934	0.820	2.387	302.061	262.947	947.209	155.299	-13.784	-93.954
23.000	6.000	1.000	284.160	0.778	1.121	294.608	301.530	951.430	61.035	-10.568	-69.866
23.000	7.000	1.000	288.223	0.801	0.836	260.353	331.014	949.420	83.326	-9.689	-63.335
23.000	8.000	1.000	283.787	0.792	1.441	224.121	305.654	948.629	89.412	-10.300	-66.311
23.000	9.000	1.000	280.363	0.853	0.222	159.673	291.430	949.705	114.438	-11.104	-72.153
23.000	10.000	1.000	262.919	0.941	0.950	136.293	216.155	950.394	89.714	-14.774	-102.112
23.000	11.000	1.000	245.458	0.920	2.792	110.874	159.220	951.415	28.132	-21.851	-160.604
23.000	12.000	1.000	244.707	0.967	2.533	86.605	163.017	950.728	60.181	-15.321	-109.297
24.000	1.000	1.000	245.675	0.990	1.587	97.386	173.744	946.517	55.879	-17.149	-123.040
24.000	2.000	1.000	245.203	0.990	2.065	158.623	157.680	945.345	15.173	-16.312	-116.544
24.000	3.000	1.000	254.682	0.937	1.696	230.524	183.094	944.810	60.137	-15.972	-111.941
24.000	4.000	1.000	266.418	0.859	1.653	302.661	217.193	947.076	63.655	-12.518	-84.133
24.000	5.000	1.000	280.127	0.774	1.232	314.806	275.148	949.187	50.599	-12.704	-88.189
24.000	6.000	1.000	285.576	0.719	2.179	327.387	300.975	949.644	28.244	-11.114	-73.371
24.000	7.000	1.000	286.075	0.702	1.724	295.874	301.223	946.768	43.257	-11.642	-79.225
24.000	8.000	1.000	283.517	0.800	1.127	228.406	303.032	948.768	119.836	-12.652	-84.668
24.000	9.000	1.000	276.289	0.836	1.739	190.756	259.840	949.842	94.195	-13.333	-89.052
24.000	10.000	1.000	269.923	0.921	0.457	118.778	255.525	949.377	93.784	-14.885	-101.696
24.000	11.000	1.000	257.364	0.990	1.675	94.913	210.270	948.497	118.588	-14.896	-104.852
24.000	12.000	1.000	246.794	0.990	1.427	81.653	177.701	949.714	75.165	-16.562	-118.361
25.000	1.000	1.000	242.501	0.990	1.241	101.031	162.297	946.984	64.878	-17.853	-131.844
25.000	2.000	1.000	249.065	0.990	2.091	150.352	178.903	946.783	93.337	-16.910	-122.463
25.000	3.000	1.000	255.691	0.990	1.415	223.699	190.734	941.143	41.457	-16.210	-121.548
25.000	4.000	1.000	267.525	0.908	2.471	248.813	251.328	946.585	165.320	-11.681	-77.445
25.000	5.000	1.000	273.417	0.853	1.787	299.864	263.550	947.764	58.521	-11.631	-78.401
25.000	6.000	1.000	283.832	0.799	1.544	315.160	298.505	949.491	167.373	-11.290	-74.247
25.000	7.000	1.000	286.815	0.764	1.809	290.409	311.816	948.455	70.444	-9.618	-61.143
25.000	8.000	1.000	281.913	0.749	2.808	215.824	298.334	949.991	40.371	-13.325	-90.415
25.000	9.000	1.000	278.513	0.868	1.511	142.774	292.115	951.041	69.429	-13.733	-91.682
25.000	10.000	1.000	271.871	0.990	0.166	114.812	265.283	947.524	109.213	-14.708	-102.599
25.000	11.000	1.000	251.924	0.992	1.840	100.105	189.589	947.344	60.761	-16.161	-112.614
25.000	12.000	1.000	245.264	0.993	2.494	82.621	169.143	949.615	55.417	-18.914	-137.121
26.000	1.000	1.000	241.765	0.990	1.730	104.312	153.522	948.388	36.568	-17.108	-121.199
26.000	2.000	1.000	248.653	0.990	1.262	145.774	178.950	949.469	66.419	-15.744	-112.144
26.000	3.000	1.000	260.818	0.990	0.602	201.063	217.248	948.819	104.200	-12.929	-87.723
26.000	4.000	1.000	264.181	0.917	2.104	283.531	216.606	948.273	86.116	-13.192	-88.943
26.000	5.000	1.000	276.899	0.776	1.786	273.818	275.817	947.254	79.001	-11.609	-77.313
26.000	6.000	1.000	284.197	0.712	2.707	337.291	287.932	950.219	62.522	-11.733	-78.849
26.000	7.000	1.000	287.320	0.683	2.800	301.529	312.465	948.726	37.132	-12.617	-85.348
26.000	8.000	1.000	286.484	0.773	0.699	255.228	306.134	947.785	65.697	-11.756	-79.595
26.000	9.000	1.000	279.969	0.893	1.178	134.340	298.701	949.121	127.479	-14.544	-99.142
26.000	10.000	1.000	273.019	0.863	1.518	117.284	262.542	950.737	127.178	-14.572	-100.448
26.000	11.000	1.000	250.793	0.990	1.775	98.536	182.835	950.193	56.848	-17.155	-122.425
26.000	12.000	1.000	246.477	0.967	2.204	80.284	174.879	948.635	56.434	-17.263	-124.015
27.000	1.000	1.000	247.097	0.990	2.298	96.273	180.064	945.914	88.235	-14.468	-102.990
27.000	2.000	1.000	246.502	0.990	1.188	146.861	175.770	948.066	71.146	-19.068	-141.563
27.000	3.000	1.000	257.048	0.894	2.139	221.362	202.559	946.801	102.524	-14.904	-103.460
27.000	4.000	1.000	263.088	0.882	1.957	295.073	217.061	947.535	64.000	-13.335	-89.627
27.000	5.000	1.000	274.944	0.789	2.120	310.689	264.604	948.827	152.644	-10.853	-69.295
27.000	6.000	1.000	285.028	0.780	0.854	313.575	304.163	949.474	92.192	-11.349	-76.771
27.000	7.000	1.000	289.356	0.808	1.451	250.317	343.465	949.146	86.298	-8.650	-55.876
27.000	8.000	1.000	282.082	0.747	1.859	252.483	284.126	950.362	31.219	-10.586	-67.853
27.000	9.000	1.000	278.236	0.857	2.379	131.658	297.207	950.650	186.762	-12.759	-84.777
27.000	10.000	1.000	265.282	0.990	2.014	120.637	245.245	948.920	148.340	-16.375	-115.019
27.000	11.000	1.000	248.348	0.742	2.282	110.158	158.428	946.930	26.069	-20.558	-150.960
27.000	12.000	1.000	248.921	0.990	1.907	79.688	186.304	950.247	104.233	-15.337	-110.016
28.000	1.000	1.000	243.173	0.935	3.153	106.957	151.738	946.282	38.335	-20.769	-156.033
28.000	2.000	1.000	248.109	0.990	1.698	150.271	175.775	945.925	78.404	-16.319	-116.282
28.000	3.000	1.000	254.531	0.942	2.350	234.908	177.739	945.759	31.768	-19.275	-141.665
28.000	4.000	1.000	265.619	0.902	2.068	285.084	226.907	948.740	105.862	-13.497	-92.598
28.000	5.000	1.000	279.475	0.764	1.530	337.076	266.855	950.164	74.844	-10.339	-70.165
28.000	6.000	1.000	284.755	0.736	1.839	306.584	303.032	949.397	74.456	-12.633	-85.071
28.000	7.000	1.000	286.734	0.705	2.001	296.552	306.635	948.257	41.595	-11.654	-78.205
28.000	8.000	1.000	284.084	0.782	1.337	221.360	306.780	949.086	133.040	-13.447	-91.610
28.000	9.000	1.000	277.415	0.789	1.743	194.549	259.128	950.747	67.618	-15.758	-110.731
28.000	10.000	1.000	263.964	0.930	2.687	126.195	238.469	950.125	77.467	-15.563	-109.608
28.000	11.000	1.000	245.324	0.990	1.999	107.079	162.913	946.470	75.926	-17.048	-120.621
28.000	12.000	1.000	243.811	0.901	2.455	85.244	165.137	945.923	38.517	-19.775	-146.903
29.000	1.000	1.000	235.646	0.990	1.968	111.374	128.951	948.223	19.726	-20.032	-148.859
29.000	2.000	1.000	250.762	0.990	1.905	142.538	191.402	946.982	88.334	-15.436	-107.932
29.000	3.000	1.000	253.436	0.974	1.082	229.498	184.916	945.734	52.929	-15.829	-110.652
29.000	4.000	1.000	264.710	0.910	1.314	302.952	218.762	948.778	76.923	-13.346	-89.394
29.000	5.000	1.000	274.849	0.752	1.714	342.871	246.233	948.748	55.486	-12.143	-81.293
29.000	6.000	1.000	285.240	0.694	2.155	346.641	290.698	946.898	52.647	-12.175	-82.473
29.000	7.000	1.000	287.522	0.771	1.437	264.609	324.338	948.085	97.870	-11.866	-78.682
29.000	8.000	1.000	285.044	0.812	0.940	230.152	306.427	948.483	84.862	-11.544	-77.494
29.000	9.000	1.000	274.543	0.802	2.022	190.689	253.496	951.424	41.659	-14.140	-93.512
29.000	10.000	1.000	259.610	0.990	3.212	131.860	218.652	951.488	149.145	-15.780	-110.091
29.000	11.000	1.000	245.396	0.921	1.778	110.202	155.767	949.732	22.314	-19.482	-140.123
29.000	12.000	1.000	240.785	0.907	2.176	93.329	143.661	948.211	8.452	-22.790	-171.808
30.000	1.000	1.000	244.451	0.808	3.040	105.329	157.681	945.239	13.546	-21.744	-162.628
30.000	2.000	1.000	250.202	0.990	1.258	148.985	183.855	945.064	70.745	-17.115	-121.480
30.000	3.000	1.000	259.698	0.919	1.371	220.313	205.568	947.514	35.303	-14.198	-99.770
30.000	4.000	1.000	264.105	0.866	2.459	283.387	220.561	948.995	109.564	-13.052	-86.229
30.000	5.000	1.000	275.612	0.790	2.576	295.662	267.793	949.372	176.023	-12.746	-83.748
30.000	6.000	1.000	284.883	0.768	1.488	291.696	306.466	947.413	117.254	-11.392	-74.816
30.000	7.000	1.000	286.099	0.740	1.945	320.282	299.343	949.773	50.972	-9.154	-57.298
30.000	8.000	1.000	285.950	0.829	1.052	229.258	313.428	950.638	68.727	-9.382	-63.197
30.000	9.000	1.000	276.793	0.830	1.176	163.689	272.870	949.779	90.781	-15.508	-106.535
30.000	10.000	1.000	272.691	0.965	0.357	120.318	258.479	947.486	126.196	-13.574	-91.899
30.000	11.000	1.000	254.713	0.990	1.647	93.354	200.805	945.381	81.009	-16.925	-118.607
30.000	12.000	1.000	238.158	0.990	1.674	88.628	143.463	946.752	44.972	-16.598	-117.941
31.000	1.000	1.000	236.356	0.990	2.327	112.109	127.616	942.814	10.577	-21.578	-162.925
31.000	2.000	1.000	244.046	0.990	1.449	150.398	159.956	945.532	80.055	-18.757	-138.142
31.000	3.000	1.000	255.146	0.992	1.964	220.861	197.239	950.054	104.605	-14.005	-94.733
31.000	4.000	1.000	264.326	0.894	1.295	281.833	218.376	946.042	110.421	-12.834	-86.010
31.000	5.000	1.000	275.327	0.775	2.668	365.403	240.673	950.277	21.467	-12.426	-83.264
31.000	6.000	1.000	284.729	0.797	1.300	266.399	316.025	948.894	141.945	-10.906	-71.790
31.000	7.000	1.000	286.987	0.813	1.232	263.604	324.082	950.320	107.122	-9.827	-62.570
31.000	8.000	1.000	283.797	0.795	2.991	218.560	306.232	949.877	96.203	-12.935	-86.826
31.000	9.000	1.000	279.158	0.862	1.518	147.465	295.483	948.630	78.685	-13.209	-86.645
31.000	10.000	1.000	270.689	0.990	0.517	116.564	255.180	947.558	94.369	-13.463	-91.387
31.000	11.000	1.000	251.204	0.962	1.694	99.967	187.136	944.904	50.831	-16.265	-113.049
31.000	12.000	1.000	245.512	0.990	0.883	76.660	179.684	944.075	81.250	-17.459	-128.359
32.000	1.000	1.000	242.787	1.000	1.421	104.793	156.113	944.788	26.474	-16.777	-122.825
32.000	2.000	1.000	249.624	0.990	2.021	144.871	185.159	948.395	64.891	-16.383	-119.218
32.000	3.000	1.000	254.454	0.990	1.300	221.081	193.363	948.339	62.046	-17.129	-125.563
32.000	4.000	1.000	268.732	0.887	0.705	261.138	244.501	946.547	76.085	-11.858	-79.452
32.000	5.000	1.000	274.820	0.789	2.111	295.795	257.472	949.545	132.777	-11.911	-78.702
32.000	6.000	1.000	286.752	0.742	1.530	324.176	306.114	946.486	85.974	-8.860	-56.264
32.000	7.000	1.000	287.723	0.763	1.124	286.323	320.675	947.780	69.688	-10.556	-69.847
32.000	8.000	1.000	284.303	0.807	2.104	199.647	315.853	950.529	101.817	-9.617	-60.267
32.000	9.000	1.000	279.018	0.854	0.965	183.092	273.688	949.648	89.266	-11.615	-77.436
32.000	10.000	1.000	267.563	0.999	1.292	138.640	232.103	947.957	66.542	-14.881	-102.974
32.000	11.000	1.000	253.346	0.990	2.401	94.539	202.461	945.621	89.095	-17.614	-126.664
32.000	12.000	1.000	245.323	0.960	2.404	83.951	170.443	948.678	80.057	-18.076	-131.453
33.000	1.000	1.000	240.285	0.990	1.738	102.570	152.857	947.591	46.914	-18.170	-132.020
33.000	2.000	1.000	248.769	0.990	1.987	149.045	181.843	950.223	63.630	-15.151	-107.554
33.000	3.000	1.000	257.261	0.921	1.818	211.690	208.222	945.583	86.571	-15.200	-104.203
33.000	4.000	1.000	266.947	0.927	1.208	254.381	245.647	947.044	153.033	-13.022	-86.811
33.000	5.000	1.000	274.206	0.842	2.848	317.284	255.171	949.573	110.055	-12.197	-80.910
33.000	6.000	1.000	286.675	0.726	1.405	328.938	309.668	949.021	86.234	-10.746	-68.860
33.000	7.000	1.000	286.297	0.766	1.011	263.368	317.347	948.332	84.240	-11.273	-74.538
33.000	8.000	1.000	284.123	0.785	1.261	222.542	306.970	949.083	110.140	-13.116	-88.474
33.000	9.000	1.000	276.686	0.818	1.450	183.522	265.726	949.902	91.998	-14.075	-95.635
33.000	10.000	1.000	269.334	0.950	2.662	111.495	253.614	949.914	105.197	-15.573	-106.111
33.000	11.000	1.000	250.359	0.990	2.290	96.064	186.418	946.416	82.511	-17.921	-126.639
33.000	12.000	1.000	247.454	0.990	1.380	77.212	182.990	947.073	118.011	-14.588	-102.362
34.000	1.000	1.000	244.679	0.990	1.853	102.730	167.075	947.039	49.013	-17.090	-124.358
34.000	2.000	1.000	245.205	0.990	2.455	150.221	166.663	947.224	67.226	-19.078	-139.214
34.000	3.000	1.000	256.787	0.943	0.821	224.674	197.841	948.622	85.095	-15.494	-109.222
34.000	4.000	1.000	264.779	0.933	1.585	285.100	220.167	947.058	83.338	-13.694	-93.665
34.000	5.000	1.000	274.956	0.795	2.127	311.396	257.238	950.602	67.031	-13.057	-89.116
34.000	6.000	1.000	284.846	0.754	0.769	295.983	302.554	948.653	87.784	-11.983	-80.604
34.000	7.000	1.000	288.098	0.779	1.524	273.687	327.398	950.455	86.644	-10.377	-68.158
34.000	8.000	1.000	285.972	0.792	1.956	213.395	318.503	951.351	62.832	-11.835	-78.592
34.000	9.000	1.000	278.584	0.832	1.010	184.135	271.370	951.271	47.782	-10.458	-68.701
34.000	10.000	1.000	264.901	0.976	1.984	134.475	220.307	950.651	91.693	-15.945	-109.964
34.000	11.000	1.000	246.961	0.990	2.434	101.388	171.767	948.400	72.686	-17.880	-127.924
34.000	12.000	1.000	236.288	0.990	1.951	90.912	134.182	945.816	24.163	-19.660	-143.213
35.000	1.000	1.000	240.995	0.926	2.787	99.645	160.447	948.901	57.016	-20.431	-150.338
35.000	2.000	1.000	247.144	0.990	0.627	152.252	170.893	945.516	87.454	-15.751	-113.363
35.000	3.000	1.000	262.638	0.938	1.804	210.330	216.772	948.089	44.417	-14.910	-106.393
35.000	4.000	1.000	266.407	0.888	2.214	302.347	213.171	945.117	73.750	-12.552	-83.242
35.000	5.000	1.000	280.834	0.837	1.332	293.573	285.705	947.282	95.569	-10.783	-70.263
35.000	6.000	1.000	284.698	0.789	2.120	275.023	312.626	948.906	83.301	-11.368	-75.403
35.000	7.000	1.000	287.680	0.743	1.605	308.318	312.707	947.671	57.862	-10.531	-70.413
35.000	8.000	1.000	283.772	0.764	1.250	236.386	298.779	948.893	62.127	-12.089	-80.733
35.000	9.000	1.000	281.002	0.813	0.912	181.100	287.007	947.749	65.717	-10.052	-64.575
35.000	10.000	1.000	269.176	0.990	0.618	121.691	250.611	946.720	85.451	-14.554	-99.927
35.000	11.000	1.000	255.885	0.990	3.170	84.281	215.018	946.384	146.302	-15.857	-112.923
35.000	12.000	1.000	243.395	0.987	2.721	86.026	164.192	947.499	59.177	-17.387	-125.294
36.000	1.000	1.000	241.203	0.990	1.652	104.133	156.081	946.089	51.574	-17.305	-125.310
36.000	2.000	1.000	244.957	0.958	2.557	153.918	161.764	946.694	88.953	-17.186	-122.784
36.000	3.000	1.000	254.593	0.990	1.190	226.097	190.235	947.287	80.926	-13.509	-91.692
36.000	4.000	1.000	268.428	0.907	0.619	257.316	247.750	946.242	109.584	-10.484	-67.463
36.000	5.000	1.000	274.912	0.876	0.937	299.899	262.742	949.422	83.228	-11.437	-76.445
36.000	6.000	1.000	283.911	0.744	1.644	319.346	293.301	950.661	39.664	-10.013	-65.584
36.000	7.000	1.000	286.945	0.751	1.899	291.357	313.753	948.592	38.676	-9.735	-62.978
36.000	8.000	1.000	282.332	0.790	2.644	207.032	302.023	950.023	108.093	-12.017	-77.939
36.000	9.000	1.000	279.482	0.876	1.523	147.560	295.747	949.999	182.190	-11.996	-78.195
36.000	10.000	1.000	268.889	0.871	2.770	125.822	249.230	946.346	111.926	-15.790	-109.115
36.000	11.000	1.000	249.599	0.990	2.146	100.786	182.134	947.188	85.966	-17.392	-123.106
36.000	12.000	1.000	238.571	0.990	2.334	89.652	140.310	947.360	19.492	-16.456	-117.557
37.000	1.000	1.000	239.127	0.931	2.685	110.154	140.250	947.155	16.300	-21.173	-158.431
37.000	2.000	1.000	247.337	0.966	1.607	151.263	173.401	946.622	67.618	-16.108	-113.303
37.000	3.000	1.000	252.956	0.990	1.675	231.321	181.938	946.321	67.743	-16.300	-114.886
37.000	4.000	1.000	266.516	0.892	0.675	271.223	227.939	947.200	64.156	-12.227	-78.555
37.000	5.000	1.000	277.987	0.779	1.710	304.184	270.547	946.142	125.977	-13.311	-92.156
37.000	6.000	1.000	285.716	0.787	1.009	269.411	317.600	949.917	80.878	-10.969	-72.700
37.000	7.000	1.000	287.083	0.699	2.316	315.411	303.844	949.362	29.078	-8.941	-57.232
37.000	8.000	1.000	285.166	0.782	1.441	227.294	310.446	948.252	53.323	-11.102	-73.859
37.000	9.000	1.000	277.978	0.826	1.529	158.148	282.672	949.693	147.266	-13.208	-86.762
37.000	10.000	1.000	270.418	0.902	1.168	119.420	248.327	950.379	39.641	-12.892	-87.382
37.000	11.000	1.000	252.263	0.990	1.698	102.742	187.182	942.165	55.293	-17.401	-120.551
37.000	12.000	1.000	247.000	0.990	1.533	82.773	174.734	947.513	86.139	-18.058	-129.400
38.000	1.000	1.000	243.985	0.990	1.930	100.261	169.687	947.636	50.608	-17.452	-126.773
38.000	2.000	1.000	250.944	0.978	1.717	146.837	188.579	946.906	58.317	-16.906	-123.546
38.000	3.000	1.000	256.281	0.990	1.041	214.000	202.824	947.078	173.623	-11.656	-77.680
38.000	4.000	1.000	264.804	0.899	1.824	297.565	217.643	946.723	75.754	-12.599	-83.422
38.000	5.000	1.000	280.159	0.783	1.185	316.823	277.406	946.953	82.419	-11.811	-78.702
38.000	6.000	1.000	284.242	0.713	1.927	349.608	283.871	949.225	47.627	-11.340	-77.123
38.000	7.000	1.000	287.090	0.705	1.991	285.831	312.584	948.674	24.132	-11.356	-76.824
38.000	8.000	1.000	283.351	0.788	1.967	240.813	292.434	950.824	59.339	-9.010	-56.955
38.000	9.000	1.000	277.505	0.849	1.889	165.627	282.420	950.659	129.878	-14.201	-95.396
38.000	10.000	1.000	263.237	0.937	2.131	138.218	228.955	948.953	106.224	-15.809	-108.556
38.000	11.000	1.000	251.043	0.990	1.478	98.982	188.672	948.421	76.148	-13.713	-93.452
38.000	12.000	1.000	243.599	0.971	2.452	86.099	162.511	946.924	44.758	-17.249	-125.891
39.000	1.000	1.000	240.436	0.990	1.819	103.600	152.242	943.490	52.599	-18.761	-137.804
39.000	2.000	1.000	255.367	0.990	2.374	130.768	212.945	947.159	136.479	-13.642	-95.154
39.000	3.000	1.000	257.642	0.990	0.901	200.641	210.123	948.870	151.190	-12.738	-86.686
39.000	4.000	1.000	265.130	0.891	1.808	298.102	218.686	945.990	97.164	-12.850	-88.308
39.000	5.000	1.000	275.196	0.849	1.731	348.519	248.463	947.969	63.313	-12.429	-82.901
39.000	6.000	1.000	284.132	0.731	1.519	314.995	295.385	946.691	82.264	-11.879	-78.857
39.000	7.000	1.000	287.667	0.707	1.477	317.043	307.510	951.306	28.590	-8.410	-54.264
39.000	8.000	1.000	284.421	0.772	1.601	208.567	310.490	948.674	67.506	-10.917	-70.617
39.000	9.000	1.000	275.774	0.809	1.087	189.372	258.725	948.385	61.190	-14.266	-96.110
39.000	10.000	1.000	269.946	0.907	2.170	118.955	254.206	949.634	90.937	-15.112	-104.507
39.000	11.000	1.000	251.368	0.990	2.784	92.876	196.799	950.785	156.675	-15.951	-111.492
39.000	12.000	1.000	239.066	0.990	1.427	85.677	154.274	945.415	49.189	-18.619	-136.707
40.000	1.000	1.000	244.926	0.990	2.447	98.795	171.575	946.497	102.304	-14.355	-101.474
40.000	2.000	1.000	246.198	0.985	2.117	154.133	165.318	945.879	37.742	-18.717	-138.762
40.000	3.000	1.000	257.409	0.990	0.879	219.398	203.714	946.834	128.335	-15.655	-107.573
40.000	4.000	1.000	266.747	0.872	0.798	272.185	236.973	948.384	103.710	-13.271	-89.462
40.000	5.000	1.000	273.175	0.811	2.587	297.752	264.263	950.274	149.484	-12.177	-81.041
40.000	6.000	1.000	283.868	0.752	1.244	333.218	289.934	949.443	43.227	-9.707	-61.333
40.000	7.000	1.000	288.832	0.676	2.065	310.256	317.223	949.107	32.662	-8.338	-52.876
40.000	8.000	1.000	285.134	0.813	0.718	206.376	314.883	949.763	116.202	-11.514	-76.563
40.000	9.000	1.000	280.191	0.832	1.024	162.299	293.750	950.122	53.385	-12.458	-83.720
40.000	10.000	1.000	272.298	0.881	1.321	116.003	265.510	946.839	113.715	-13.772	-94.519
40.000	11.000	1.000	257.154	0.990	2.726	88.576	218.237	947.194	131.095	-14.585	-100.927
40.000	12.000	1.000	245.284	0.990	2.085	82.473	174.189	950.584	110.098	-15.289	-107.829
41.000	1.000	1.000	245.048	0.990	1.758	94.894	177.902	947.566	79.742	-16.662	-120.975
41.000	2.000	1.000	244.711	0.990	2.367	165.050	149.434	944.639	24.210	-17.050	-122.654
41.000	3.000	1.000	255.699	0.990	1.405	230.403	186.005	946.719	45.947	-14.099	-96.249
41.000	4.000	1.000	264.218	0.914	1.775	299.028	209.807	948.646	70.983	-12.018	-78.463
41.000	5.000	1.000	277.886	0.819	0.838	307.452	269.923	946.255	116.706	-12.919	-86.903
41.000	6.000	1.000	285.430	0.773	1.762	274.468	310.906	951.033	42.718	-11.468	-76.993
41.000	7.000	1.000	288.232	0.778	0.483	268.788	327.484	948.024	62.680	-8.492	-53.706
41.000	8.000	1.000	285.224	0.782	0.981	233.830	305.630	948.375	77.229	-10.908	-72.679
41.000	9.000	1.000	278.944	0.809	1.227	147.613	291.169	949.749	71.306	-13.798	-93.796
41.000	10.000	1.000	270.446	0.928	1.469	121.477	245.695	944.784	70.408	-13.979	-96.443
41.000	11.000	1.000	253.026	0.990	1.188	94.929	195.921	945.342	95.153	-16.150	-113.051
41.000	12.000	1.000	246.941	0.990	2.099	80.429	180.839	947.498	88.575	-16.749	-121.151
42.000	1.000	1.000	238.118	0.990	1.813	107.721	141.593	946.272	60.866	-15.646	-111.779
42.000	2.000	1.000	247.993	0.968	2.170	153.757	172.525	945.229	46.781	-17.886	-128.856
42.000	3.000	1.000	255.846	0.990	0.805	216.960	196.132	946.675	50.265	-15.080	-105.541
42.000	4.000	1.000	263.444	0.879	1.481	285.127	218.401	944.747	91.956	-13.099	-87.396
42.000	5.000	1.000	273.769	0.791	2.497	334.093	246.004	949.595	26.311	-12.305	-80.728
42.000	6.000	1.000	284.924	0.751	1.133	284.829	312.208	947.890	87.276	-11.125	-71.143
42.000	7.000	1.000	286.964	0.754	1.372	288.090	314.308	948.462	93.046	-9.544	-61.204
42.000	8.000	1.000	281.853	0.747	2.162	233.021	292.891	950.559	126.985	-13.340	-88.400
42.000	9.000	1.000	276.263	0.781	2.410	180.099	266.396	951.570	56.165	-14.907	-100.992
42.000	10.000	1.000	266.677	0.990	0.513	121.760	238.149	949.569	84.482	-14.342	-99.399
42.000	11.000	1.000	259.169	0.990	1.817	88.885	224.045	948.731	187.196	-14.463	-100.946
42.000	12.000	1.000	241.964	0.920	1.878	84.154	160.301	946.036	36.712	-17.435	-124.118
43.000	1.000	1.000	240.099	0.989	2.298	104.040	153.988	948.968	44.534	-17.415	-127.281
43.000	2.000	1.000	245.895	0.990	1.910	157.245	161.218	949.760	27.892	-18.040	-132.816
43.000	3.000	1.000	260.370	0.981	1.031	212.075	210.080	945.592	64.749	-9.797	-60.733
43.000	4.000	1.000	264.728	0.907	2.021	287.272	218.579	946.643	62.047	-13.024	-87.435
43.000	5.000	1.000	277.722	0.774	1.307	328.329	261.463	947.472	78.063	-10.786	-69.925
43.000	6.000	1.000	284.784	0.691	1.703	355.844	285.897	948.289	32.939	-10.119	-68.080
43.000	7.000	1.000	286.346	0.701	1.999	306.002	304.199	948.303	46.613	-12.030	-82.019
43.000	8.000	1.000	282.876	0.786	1.357	219.934	301.400	950.276	115.461	-11.617	-76.034
43.000	9.000	1.000	280.727	0.853	0.840	149.805	301.774	949.489	172.937	-13.798	-93.751
43.000	10.000	1.000	265.237	0.912	2.914	119.628	239.615	951.085	122.886	-16.048	-110.872
43.000	11.000	1.000	253.994	0.990	1.956	90.153	206.962	946.835	124.533	-16.452	-114.258
43.000	12.000	1.000	241.729	0.990	3.034	88.635	155.214	949.096	43.663	-16.982	-122.725
44.000	1.000	1.000	247.892	0.990	1.436	94.673	185.487	945.864	111.989	-15.141	-107.732
44.000	2.000	1.000	251.637	0.990	2.006	145.862	190.513	948.480	93.660	-15.104	-106.611
44.000	3.000	1.000	250.239	0.990	0.770	228.856	177.970	943.112	87.981	-14.693	-102.440
44.000	4.000	1.000	265.880	0.965	1.252	254.812	240.292	945.309	176.517	-12.543	-81.595
44.000	5.000	1.000	272.806	0.802	1.589	310.691	254.441	947.669	58.034	-13.298	-90.269
44.000	6.000	1.000	284.835	0.770	1.397	325.064	301.812	946.024	87.983	-10.922	-72.778
44.000	7.000	1.000	287.583	0.776	1.352	242.415	332.540	948.569	101.154	-11.766	-79.111
44.000	8.000	1.000	285.802	0.817	0.830	188.439	329.196	951.103	153.689	-11.029	-73.282
44.000	9.000	1.000	279.547	0.833	0.861	175.529	281.704	947.468	93.866	-12.290	-81.210
44.000	10.000	1.000	262.122	0.990	2.315	132.489	227.186	947.738	96.731	-15.394	-106.529
44.000	11.000	1.000	254.237	0.990	2.193	102.088	197.392	945.271	66.527	-18.623	-134.295
44.000	12.000	1.000	240.254	0.990	1.669	86.917	149.011	946.409	28.858	-21.649	-161.983
45.000	1.000	1.000	234.771	0.990	1.913	109.938	129.501	947.019	35.383	-17.117	-124.304
45.000	2.000	1.000	250.355	0.990	1.429	145.349	182.949	944.694	55.878	-17.232	-123.969
45.000	3.000	1.000	256.085	0.990	1.381	212.306	196.749	949.757	119.021	-12.735	-90.203
45.000	4.000	1.000	266.966	0.942	1.661	264.946	233.100	948.259	121.927	-12.812	-87.109
45.000	5.000	1.000	274.589	0.736	2.300	323.214	252.529	948.244	122.152	-12.305	-81.530
45.000	6.000	1.000	283.528	0.712	2.240	340.988	284.741	950.652	75.586	-13.225	-89.032
45.000	7.000	1.000	286.803	0.701	1.867	305.752	308.632	947.658	37.642	-11.425	-75.124
45.000	8.000	1.000	282.972	0.781	1.660	219.925	300.169	949.881	66.857	-12.633	-84.782
45.000	9.000	1.000	277.427	0.761	1.327	191.360	264.516	947.792	65.075	-15.140	-104.361
45.000	10.000	1.000	267.498	0.896	0.245	121.148	238.671	946.093	109.347	-14.665	-101.405
45.000	11.000	1.000	248.536	0.990	2.573	106.855	170.663	946.307	34.303	-16.625	-116.250
45.000	12.000	1.000	245.291	0.990	2.180	84.756	165.198	947.509	60.347	-16.277	-115.841
46.000	1.000	1.000	240.867	0.923	2.864	106.371	149.927	943.810	55.435	-18.162	-132.028
46.000	2.000	1.000	247.843	0.990	1.903	155.652	165.464	942.397	50.023	-18.958	-140.236
46.000	3.000	1.000	256.087	0.990	1.981	220.939	196.787	944.182	79.332	-13.103	-87.535
46.000	4.000	1.000	266.440	0.904	0.780	271.202	229.061	945.507	70.263	-12.099	-78.593
46.000	5.000	1.000	274.962	0.760	2.782	310.949	254.419	949.977	102.124	-11.261	-72.071
46.000	6.000	1.000	285.016	0.708	2.283	324.332	300.410	948.682	35.083	-12.249	-82.414
46.000	7.000	1.000	286.096	0.808	1.057	244.276	320.005	949.292	119.710	-9.574	-60.903
46.000	8.000	1.000	283.809	0.736	2.443	254.073	292.965	949.809	28.385	-12.319	-81.424
46.000	9.000	1.000	282.117	0.832	0.857	171.225	294.746	948.878	117.862	-11.404	-74.158
46.000	10.000	1.000	267.817	0.990	1.100	128.774	237.314	947.605	180.156	-15.291	-104.674
46.000	11.000	1.000	251.873	0.990	2.391	97.457	192.774	946.476	93.407	-16.312	-113.784
46.000	12.000	1.000	243.147	0.978	2.735	87.451	158.814	949.820	37.941	-17.380	-124.431
47.000	1.000	1.000	235.635	0.990	2.040	106.896	137.933	949.583	66.158	-17.042	-124.064
47.000	2.000	1.000	244.331	0.948	1.959	162.562	151.953	948.476	22.484	-19.081	-142.393
47.000	3.000	1.000	256.529	0.990	0.938	220.672	194.664	949.314	66.517	-13.825	-95.166
47.000	4.000	1.000	266.881	0.879	1.132	287.615	232.763	946.945	98.370	-14.156	-97.165
47.000	5.000	1.000	280.148	0.832	2.487	246.836	298.661	948.723	85.685	-11.367	-75.788
47.000	6.000	1.000	284.706	0.715	1.838	325.645	294.819	947.936	30.001	-10.020	-63.423
47.000	7.000	1.000	286.894	0.740	1.393	272.404	318.201	949.591	64.917	-10.120	-65.097
47.000	8.000	1.000	285.598	0.754	1.002	250.975	302.103	948.727	44.843	-9.441	-60.145
47.000	9.000	1.000	281.867	0.782	1.306	192.723	281.440	953.175	28.374	-9.676	-63.582
47.000	10.000	1.000	266.013	0.990	1.232	134.065	227.631	949.074	65.124	-15.007	-103.824
47.000	11.000	1.000	251.565	0.990	1.440	98.569	188.007	947.003	111.778	-15.199	-106.574
47.000	12.000	1.000	242.616	0.990	2.525	81.721	165.689	944.665	88.873	-16.044	-113.962
48.000	1.000	1.000	236.744	0.990	2.097	108.336	137.327	947.676	36.653	-19.628	-145.284
48.000	2.000	1.000	247.581	0.990	0.927	153.635	168.973	945.255	50.020	-14.647	-104.279
48.000	3.000	1.000	256.600	0.990	0.772	212.085	204.461	944.947	128.871	-13.826	-95.042
48.000	4.000	1.000	267.883	0.933	0.712	262.005	248.158	945.983	118.286	-12.898	-87.264
48.000	5.000	1.000	274.203	0.818	3.361	269.752	274.017	948.122	142.454	-13.121	-87.468
48.000	6.000	1.000	284.681	0.764	3.278	323.248	301.435	947.955	50.718	-11.308	-74.502
48.000	7.000	1.000	287.579	0.779	0.832	267.097	321.712	947.835	66.597	-9.431	-60.448
48.000	8.000	1.000	283.591	0.810	2.119	210.376	310.168	951.884	122.081	-12.697	-85.901
48.000	9.000	1.000	277.401	0.850	1.355	147.934	287.537	950.581	141.294	-13.650	-90.991
48.000	10.000	1.000	260.937	0.917	2.627	144.170	214.062	947.868	81.671	-17.364	-122.416
48.000	11.000	1.000	245.985	0.922	3.082	105.765	163.436	946.743	96.465	-17.295	-122.502
48.000	12.000	1.000	241.222	0.985	1.747	85.959	157.596	947.980	55.687	-17.909	-129.097
49.000	1.000	1.000	244.947	0.942	2.328	99.351	168.761	950.978	51.216	-21.228	-159.280
49.000	2.000	1.000	242.906	0.990	2.006	151.911	163.043	946.978	85.236	-16.773	-119.077
49.000	3.000	1.000	255.941	0.990	0.921	208.692	199.181	946.012	101.959	-12.653	-84.890
49.000	4.000	1.000	266.352	0.878	1.915	286.700	224.799	948.926	104.342	-11.186	-72.009
49.000	5.000	1.000	274.120	0.790	2.234	313.461	254.804	950.784	105.519	-13.078	-87.639
49.000	6.000	1.000	284.027	0.752	2.073	300.262	301.732	948.724	90.465	-11.766	-78.439
49.000	7.000	1.000	286.797	0.723	1.944	312.602	305.111	948.664	48.394	-10.969	-71.820
49.000	8.000	1.000	283.293	0.756	1.676	226.177	298.423	951.917	65.714	-12.061	-78.513
49.000	9.000	1.000	279.612	0.852	1.110	167.914	286.333	949.350	111.862	-12.915	-86.171
49.000	10.000	1.000	267.491	0.945	2.542	118.000	245.798	948.932	89.334	-16.755	-119.475
49.000	11.000	1.000	249.040	0.990	1.944	99.208	184.955	947.841	116.543	-15.839	-110.904
49.000	12.000	1.000	249.285	0.990	2.254	74.989	195.101	948.428	134.905	-14.581	-103.868
50.000	1.000	1.000	247.789	0.990	2.833	93.602	187.202	944.264	93.589	-17.690	-130.401
50.000	2.000	1.000	244.412	0.990	1.930	157.602	157.948	943.309	42.621	-17.959	-130.369
50.000	3.000	1.000	249.441	0.905	1.354	243.716	158.142	947.194	33.280	-17.180	-126.562
50.000	4.000	1.000	263.703	0.854	1.693	305.558	210.718	945.770	46.789	-12.519	-84.278
50.000	5.000	1.000	272.439	0.750	2.989	344.607	237.346	949.990	19.233	-13.000	-87.253
50.000	6.000	1.000	282.320	0.729	2.395	341.881	281.503	949.265	62.656	-12.755	-84.989
50.000	7.000	1.000	287.544	0.745	0.774	293.273	316.849	948.977	98.864	-11.832	-79.159
50.000	8.000	1.000	282.480	0.750	1.743	244.199	289.277	948.756	127.729	-14.600	-99.207
50.000	9.000	1.000	280.295	0.846	0.641	183.722	281.916	949.019	51.828	-14.272	-100.992
50.000	10.000	1.000	261.375	0.894	2.672	138.097	216.863	948.431	67.106	-18.469	-130.661
50.000	11.000	1.000	251.985	0.990	1.632	91.974	195.016	945.013	117.327	-15.252	-106.306
50.000	12.000	1.000	245.619	0.981	2.794	84.122	169.375	948.527	46.777	-17.763	-127.643
51.000	1.000	1.000	244.228	0.990	2.714	101.585	166.657	945.252	46.747	-18.847	-141.354
51.000	2.000	1.000	251.506	0.990	1.104	146.569	181.772	946.632	84.111	-11.247	-74.361
51.000	3.000	1.000	257.813	0.880	3.099	226.884	192.796	946.932	80.002	-13.925	-97.478
51.000	4.000	1.000	266.960	0.913	2.161	276.861	233.786	946.441	84.176	-14.102	-96.177
51.000	5.000	1.000	274.134	0.805	4.584	267.805	275.205	951.117	122.228	-13.097	-85.813
51.000	6.000	1.000	284.682	0.743	0.812	339.994	289.907	949.942	87.311	-10.338	-67.671
51.000	7.000	1.000	289.899	0.780	1.009	273.837	334.721	950.114	65.898	-8.348	-54.739
51.000	8.000	1.000	286.584	0.784	0.472	223.223	317.537	949.178	68.177	-11.559	-76.879
51.000	9.000	1.000	277.243	0.827	1.898	156.561	279.388	949.503	123.758	-13.216	-86.423
51.000	10.000	1.000	266.991	0.967	0.743	121.397	240.754	945.943	95.606	-13.761	-94.346
51.000	11.000	1.000	252.559	0.903	2.572	106.780	177.448	947.298	21.389	-15.921	-112.082
51.000	12.000	1.000	243.501	0.990	1.462	87.625	159.697	948.389	40.323	-17.370	-124.686
52.000	1.000	1.000	236.787	0.990	2.048	106.427	138.155	950.537	41.170	-19.839	-146.598
52.000	2.000	1.000	249.239	0.990	2.040	153.567	176.626	946.423	58.960	-16.053	-114.261
52.000	3.000	1.000	255.848	0.917	1.139	211.209	202.307	947.157	88.390	-13.928	-95.179
52.000	4.000	1.000	264.017	0.907	1.000	266.150	228.057	950.294	126.283	-12.202	-81.876
52.000	5.000	1.000	274.003	0.834	1.993	297.724	262.710	946.718	160.866	-12.200	-80.967
52.000	6.000	1.000	284.898	0.703	2.090	344.669	292.588	947.662	48.126	-10.442	-67.273
52.000	7.000	1.000	286.455	0.696	1.991	309.627	307.067	948.199	88.274	-10.622	-69.196
52.000	8.000	1.000	284.179	0.833	0.887	219.629	306.948	948.923	109.468	-11.562	-76.639
52.000	9.000	1.000	278.218	0.833	1.093	178.899	276.842	948.648	83.051	-15.332	-105.292
52.000	10.000	1.000	266.692	0.890	2.381	131.898	235.062	949.091	102.621	-14.882	-101.419
52.000	11.000	1.000	250.604	0.990	2.202	102.983	182.201	947.865	65.640	-17.243	-121.949
52.000	12.000	1.000	242.536	0.990	1.267	82.315	164.357	944.604	85.202	-17.441	-126.331
53.000	1.000	1.000	240.845	0.990	1.918	100.538	159.774	944.642	59.922	-17.766	-130.478
53.000	2.000	1.000	241.309	0.990	2.308	162.692	142.737	950.589	32.654	-19.001	-140.103
53.000	3.000	1.000	259.171	0.989	2.281	203.321	214.714	949.420	62.888	-11.210	-72.070
53.000	4.000	1.000	266.129	0.866	2.077	286.049	226.426	948.203	88.931	-12.276	-79.904
53.000	5.000	1.000	274.334	0.832	1.832	291.206	265.492	952.605	125.631	-10.857	-70.218
53.000	6.000	1.000	284.791	0.722	1.353	329.392	293.790	945.975	54.275	-11.953	-80.678
53.000	7.000	1.000	288.284	0.657	1.642	322.965	307.192	949.035	36.808	-11.968	-81.095
53.000	8.000	1.000	286.505	0.811	0.630	210.348	323.097	951.430	98.957	-9.433	-61.854
53.000	9.000	1.000	279.674	0.863	1.206	166.594	285.826	950.440	127.015	-12.021	-79.202
53.000	10.000	1.000	267.242	0.983	1.176	126.131	240.790	946.051	72.158	-13.557	-92.547
53.000	11.000	1.000	255.147	0.990	2.710	87.032	212.266	949.615	132.802	-14.783	-102.975
53.000	12.000	1.000	236.726	0.990	1.558	88.215	138.681	944.876	30.536	-19.484	-143.622
54.000	1.000	1.000	238.806	0.856	2.813	113.067	134.668	948.400	6.779	-17.880	-134.141
54.000	2.000	1.000	254.238	0.992	3.211	145.464	194.186	951.623	66.332	-14.579	-103.748
54.000	3.000	1.000	256.012	0.949	1.409	228.992	188.105	949.490	52.168	-18.013	-130.688
54.000	4.000	1.000	268.268	0.907	2.882	241.282	252.868	948.106	252.289	-11.660	-76.565
54.000	5.000	1.000	274.014	0.742	2.848	348.668	238.378	951.201	32.385	-14.038	-94.127
54.000	6.000	1.000	282.930	0.734	1.573	321.035	287.597	948.417	61.951	-12.456	-84.035
54.000	7.000	1.000	287.201	0.801	1.259	258.078	325.139	948.205	110.593	-10.830	-70.286
54.000	8.000	1.000	283.231	0.786	1.123	241.612	293.880	948.937	150.706	-12.749	-84.389
54.000	9.000	1.000	275.410	0.910	2.230	147.621	281.181	951.986	126.054	-16.429	-114.442
54.000	10.000	1.000	264.936	0.896	1.408	139.076	228.562	948.878	47.884	-16.525	-113.658
54.000	11.000	1.000	243.186	0.975	2.307	113.402	145.604	945.919	21.334	-19.267	-139.615
54.000	12.000	1.000	246.001	0.990	1.711	83.080	171.629	946.435	69.444	-18.032	-131.252
55.000	1.000	1.000	238.268	0.969	1.493	105.575	143.390	947.796	30.929	-18.616	-138.123
55.000	2.000	1.000	245.799	0.923	2.366	159.164	155.534	945.851	17.114	-16.892	-121.664
55.000	3.000	1.000	258.216	0.990	0.734	210.258	206.713	947.625	76.161	-16.283	-116.353
55.000	4.000	1.000	265.978	0.815	2.566	287.137	225.650	949.241	62.359	-14.719	-100.484
55.000	5.000	1.000	276.501	0.763	1.689	320.984	256.711	949.829	91.754	-11.212	-73.249
55.000	6.000	1.000	283.903	0.684	2.370	355.264	284.164	948.116	34.795	-15.690	-110.723
55.000	7.000	1.000	285.255	0.735	1.702	277.882	307.943	950.002	57.395	-11.608	-76.097
55.000	8.000	1.000	282.037	0.772	2.177	262.451	277.531	951.609	35.782	-10.694	-70.434
55.000	9.000	1.000	275.418	0.825	2.719	172.047	268.051	952.310	153.027	-13.461	-88.738
55.000	10.000	1.000	264.411	0.990	0.886	134.687	228.207	945.367	91.974	-14.301	-99.441
55.000	11.000	1.000	252.059	0.965	1.784	105.030	185.508	946.496	44.961	-20.129	-147.149
55.000	12.000	1.000	245.142	0.880	2.306	88.185	164.401	948.849	31.803	-18.258	-132.736
56.000	1.000	1.000	241.027	0.990	1.677	100.302	156.092	944.568	41.381	-18.538	-135.432
56.000	2.000	1.000	251.543	0.990	1.157	144.631	188.957	951.084	76.118	-12.913	-85.691
56.000	3.000	1.000	256.026	0.956	0.834	209.046	203.097	947.657	89.182	-13.361	-91.432
56.000	4.000	1.000	263.180	0.895	1.744	292.848	214.202	948.438	79.530	-14.848	-102.546
56.000	5.000	1.000	274.995	0.789	1.573	323.430	253.891	948.198	93.746	-12.788	-84.940
56.000	6.000	1.000	284.087	0.751	1.398	327.600	291.125	950.400	53.100	-11.676	-77.035
56.000	7.000	1.000	288.327	0.726	1.765	297.527	321.033	948.835	40.608	-11.052	-74.179
56.000	8.000	1.000	284.564	0.785	1.678	218.282	309.464	949.705	69.434	-12.372	-81.795
56.000	9.000	1.000	278.638	0.854	1.388	128.407	301.540	952.129	138.503	-14.349	-97.782
56.000	10.000	1.000	271.644	0.833	0.821	127.542	247.048	950.254	86.145	-13.694	-93.374
56.000	11.000	1.000	254.095	0.990	1.881	99.571	194.196	947.981	62.930	-17.056	-120.595
56.000	12.000	1.000	248.125	0.990	2.932	79.133	183.886	950.950	82.436	-16.960	-123.200
57.000	1.000	1.000	243.955	0.990	0.804	98.922	168.610	946.836	66.392	-16.470	-117.289
57.000	2.000	1.000	248.628	0.990	1.989	142.672	184.406	949.013	69.225	-16.931	-122.409
57.000	3.000	1.000	256.219	0.990	1.196	219.343	195.754	946.047	56.641	-15.041	-105.106
57.000	4.000	1.000	263.291	0.833	2.071	318.160	195.043	948.954	45.942	-12.555	-81.730
57.000	5.000	1.000	276.623	0.786	2.388	274.960	271.998	949.618	108.133	-12.547	-82.979
57.000	6.000	1.000	284.461	0.769	1.672	298.663	302.674	951.421	95.715	-11.191	-74.011
57.000	7.000	1.000	289.427	0.755	0.686	279.300	329.056	949.521	66.382	-11.578	-78.444
57.000	8.000	1.000	285.071	0.786	1.697	231.239	308.906	949.575	28.897	-10.907	-72.582
57.000	9.000	1.000	277.660	0.801	1.543	186.883	266.481	950.396	129.198	-15.813	-109.466
57.000	10.000	1.000	267.902	0.937	2.380	107.631	257.933	949.078	147.241	-15.232	-104.231
57.000	11.000	1.000	251.634	0.968	2.284	99.686	189.441	948.323	52.471	-17.028	-120.712
57.000	12.000	1.000	242.418	0.990	2.337	87.086	157.284	951.227	40.180	-15.509	-108.398
58.000	1.000	1.000	242.450	0.990	1.431	104.398	153.524	946.902	39.888	-16.230	-115.662
58.000	2.000	1.000	251.887	0.990	2.183	137.414	195.568	949.772	166.716	-14.967	-105.142
58.000	3.000	1.000	252.403	0.914	1.450	242.441	170.223	946.199	33.618	-17.839	-131.130
58.000	4.000	1.000	265.347	0.872	1.686	298.775	216.895	949.159	53.821	-11.427	-73.291
58.000	5.000	1.000	275.426	0.744	1.655	329.182	251.167	950.169	55.721	-12.789	-85.093
58.000	6.000	1.000	285.294	0.751	1.388	311.338	303.515	948.579	66.753	-10.141	-64.916
58.000	7.000	1.000	286.928	0.717	1.540	286.859	313.421	949.916	25.919	-10.893	-73.750
58.000	8.000	1.000	284.476	0.855	0.888	196.958	317.905	949.973	209.353	-12.452	-83.291
58.000	9.000	1.000	278.657	0.783	1.469	196.710	269.087	951.681	86.908	-13.968	-94.905
58.000	10.000	1.000	269.763	0.906	1.572	122.925	246.214	949.845	65.191	-12.257	-81.380
58.000	11.000	1.000	255.299	0.990	2.005	98.322	197.639	951.195	55.248	-14.876	-103.684
58.000	12.000	1.000	242.164	0.990	2.015	82.857	161.707	950.410	67.288	-18.636	-135.650
59.000	1.000	1.000	246.747	0.990	2.246	100.242	174.567	948.575	59.896	-19.423	-141.943
59.000	2.000	1.000	243.668	0.990	1.643	150.472	159.023	950.330	86.379	-17.553	-126.447
59.000	3.000	1.000	250.951	0.922	1.547	237.408	172.013	946.065	44.935	-17.591	-126.071
59.000	4.000	1.000	265.061	0.914	1.782	268.464	229.856	949.744	113.759	-11.559	-75.004
59.000	5.000	1.000	273.736	0.775	2.125	338.791	245.547	950.333	80.792	-13.266	-89.251
59.000	6.000	1.000	283.594	0.797	1.550	292.863	303.066	951.636	76.676	-11.495	-76.728
59.000	7.000	1.000	288.443	0.767	0.571	269.567	326.143	949.924	44.774	-9.208	-58.955
59.000	8.000	1.000	284.932	0.804	1.380	245.276	303.227	949.765	66.837	-10.393	-68.771
59.000	9.000	1.000	276.752	0.803	2.105	164.326	277.242	952.582	142.863	-13.563	-92.348
59.000	10.000	1.000	274.177	0.920	1.448	106.473	270.560	948.044	72.946	-14.061	-97.864
59.000	11.000	1.000	258.131	0.970	2.859	87.915	219.944	949.783	130.067	-16.420	-114.891
59.000	12.000	1.000	245.561	0.990	2.014	82.435	174.154	949.813	60.053	-17.474	-126.058
60.000	1.000	1.000	245.484	0.990	1.158	97.657	174.844	948.221	91.454	-15.596	-112.230
60.000	2.000	1.000	254.971	0.990	1.166	129.022	213.728	947.929	148.458	-13.048	-90.437
60.000	3.000	1.000	255.768	0.990	1.383	217.620	192.343	946.971	46.816	-14.817	-102.487
60.000	4.000	1.000	263.175	0.961	1.582	294.173	209.888	952.223	49.004	-11.422	-75.250
60.000	5.000	1.000	277.989	0.782	1.365	286.627	274.406	949.475	133.032	-12.803	-87.468
60.000	6.000	1.000	283.923	0.725	1.751	316.203	292.934	952.418	66.747	-12.070	-79.399
60.000	7.000	1.000	287.700	0.767	0.806	266.736	324.486	951.418	113.719	-11.703	-78.035
60.000	8.000	1.000	284.684	0.764	1.493	253.134	296.628	950.925	70.925	-12.126	-81.065
60.000	9.000	1.000	275.314	0.845	3.284	169.260	273.350	953.806	145.036	-15.157	-104.415
60.000	10.000	1.000	264.319	0.905	1.816	138.302	225.362	950.645	50.583	-17.865	-126.765
60.000	11.000	1.000	251.563	0.990	1.654	100.320	187.797	949.817	102.665	-17.449	-123.197
60.000	12.000	1.000	244.484	0.990	1.730	83.516	168.596	946.020	88.015	-15.670	-112.531
61.000	1.000	1.000	240.477	0.990	2.358	100.794	155.251	948.850	42.529	-18.805	-139.625
61.000	2.000	1.000	249.754	0.990	1.940	150.780	180.239	950.744	56.877	-17.950	-129.866
61.000	3.000	1.000	255.177	0.945	1.156	229.023	185.247	949.207	68.286	-15.826	-113.631
61.000	4.000	1.000	267.974	0.882	1.359	280.472	234.262	951.343	117.521	-11.565	-76.230
61.000	5.000	1.000	276.422	0.793	2.003	273.264	274.656	950.685	99.642	-11.613	-76.470
61.000	6.000	1.000	287.295	0.779	1.827	266.589	328.451	949.209	56.669	-10.474	-68.384
61.000	7.000	1.000	289.535	0.729	1.313	282.560	332.254	949.329	64.698	-10.832	-71.565
61.000	8.000	1.000	282.758	0.809	2.319	219.351	301.484	949.664	87.061	-11.334	-73.344
61.000	9.000	1.000	281.080	0.790	0.985	188.091	279.496	952.678	68.888	-12.199	-80.894
61.000	10.000	1.000	263.882	0.964	1.756	135.052	226.534	951.361	81.353	-15.394	-108.621
61.000	11.000	1.000	257.060	0.990	2.181	92.803	209.620	951.941	45.584	-14.734	-102.286
61.000	12.000	1.000	241.339	0.990	1.592	86.370	153.681	950.329	41.473	-19.137	-140.475
62.000	1.000	1.000	243.432	0.990	1.062	99.315	167.182	946.907	42.257	-16.039	-117.215
62.000	2.000	1.000	244.065	0.990	2.103	157.189	157.521	950.979	29.260	-18.830	-139.283
62.000	3.000	1.000	257.318	0.914	2.136	219.943	199.103	947.018	115.897	-13.324	-90.832
62.000	4.000	1.000	267.079	0.870	1.077	274.090	229.154	949.424	56.406	-12.680	-84.406
62.000	5.000	1.000	275.016	0.778	2.281	305.330	255.645	951.833	85.305	-11.109	-72.881
62.000	6.000	1.000	284.744	0.765	1.404	290.613	306.242	952.027	89.296	-9.924	-63.989
62.000	7.000	1.000	286.789	0.761	1.827	272.517	317.119	951.346	64.102	-10.888	-72.189
62.000	8.000	1.000	284.607	0.821	0.750	215.047	312.421	947.909	53.573	-10.239	-65.605
62.000	9.000	1.000	280.061	0.868	2.042	143.427	300.759	953.539	144.017	-12.779	-85.249
62.000	10.000	1.000	271.700	0.915	1.329	111.463	259.203	948.754	96.345	-14.220	-96.126
62.000	11.000	1.000	251.401	0.990	2.488	106.054	175.284	949.260	22.871	-18.558	-134.187
62.000	12.000	1.000	246.910	0.990	1.911	82.660	174.612	946.471	92.765	-14.487	-102.189
63.000	1.000	1.000	243.491	0.990	1.273	102.551	161.022	946.523	69.555	-16.316	-116.710
63.000	2.000	1.000	250.436	0.990	0.955	142.309	189.192	945.088	95.170	-15.646	-111.068
63.000	3.000	1.000	252.142	0.990	1.489	231.585	174.914	949.725	54.146	-15.606	-111.582
63.000	4.000	1.000	263.653	0.871	1.248	289.602	218.522	951.123	81.159	-13.689	-92.903
63.000	5.000	1.000	274.501	0.847	2.306	287.429	269.568	953.464	134.201	-12.578	-84.255
63.000	6.000	1.000	283.367	0.751	1.914	293.200	298.025	951.689	119.441	-11.548	-76.105
63.000	7.000	1.000	286.396	0.792	0.691	234.432	327.906	949.396	125.625	-10.953	-71.733
63.000	8.000	1.000	283.459	0.734	1.212	250.829	291.370	951.214	49.380	-14.643	-98.992
63.000	9.000	1.000	277.038	0.824	1.952	164.820	280.685	953.413	114.558	-14.272	-96.692
63.000	10.000	1.000	265.904	0.990	1.959	115.970	245.571	950.010	95.403	-14.722	-100.782
63.000	11.000	1.000	248.714	0.908	2.730	104.870	172.603	951.302	54.957	-16.417	-113.977
63.000	12.000	1.000	235.532	0.941	1.997	92.427	127.661	949.365	17.739	-22.614	-168.356
64.000	1.000	1.000	239.922	0.990	1.533	98.475	156.512	952.611	78.527	-16.876	-121.461
64.000	2.000	1.000	249.695	0.990	1.806	146.488	180.509	951.057	79.075	-16.940	-121.292
64.000	3.000	1.000	257.541	0.895	1.666	230.686	192.210	949.232	42.716	-15.959	-112.807
64.000	4.000	1.000	265.682	0.839	2.084	303.047	210.145	949.506	37.710	-13.031	-86.282
64.000	5.000	1.000	278.698	0.783	1.762	282.475	280.062	951.394	44.911	-11.125	-73.388
64.000	6.000	1.000	285.522	0.681	2.557	346.906	294.515	952.328	62.544	-11.899	-80.460
64.000	7.000	1.000	286.575	0.715	1.533	291.593	307.378	950.408	37.096	-10.452	-68.875
64.000	8.000	1.000	282.436	0.773	1.626	226.052	297.005	951.244	139.360	-12.672	-85.608
64.000	9.000	1.000	277.112	0.907	1.258	171.697	270.109	954.520	112.637	-13.484	-90.815
64.000	10.000	1.000	271.792	0.857	0.801	119.451	253.924	950.929	100.076	-14.136	-96.140
64.000	11.000	1.000	256.356	0.990	2.157	99.255	195.211	953.549	52.222	-18.501	-133.216
64.000	12.000	1.000	247.320	0.944	1.725	83.157	175.891	951.635	59.795	-17.035	-122.086
65.000	1.000	1.000	240.236	0.982	1.755	107.098	143.221	952.114	14.871	-18.981	-139.307
65.000	2.000	1.000	240.939	0.922	1.957	159.637	144.660	950.649	27.448	-18.765	-138.531
65.000	3.000	1.000	255.051	0.961	1.014	229.761	186.235	950.306	48.894	-16.088	-112.504
65.000	4.000	1.000	267.649	0.779	2.720	299.307	221.315	952.621	36.068	-15.407	-107.292
65.000	5.000	1.000	277.879	0.787	2.065	278.360	275.508	953.766	76.115	-10.011	-64.219
65.000	6.000	1.000	284.571	0.765	1.750	306.791	301.496	951.524	86.160	-9.753	-62.138
65.000	7.000	1.000	285.981	0.758	1.171	275.774	314.749	951.922	74.116	-11.041	-71.004
65.000	8.000	1.000	285.054	0.821	1.578	204.757	318.208	951.569	136.987	-11.945	-79.222
65.000	9.000	1.000	279.960	0.870	1.066	159.816	288.744	954.236	160.322	-12.056	-79.374
65.000	10.000	1.000	270.180	0.840	0.774	132.126	240.032	951.146	77.010	-15.551	-104.787
65.000	11.000	1.000	258.712	0.990	1.105	81.172	222.247	951.937	105.656	-15.455	-107.147
65.000	12.000	1.000	239.738	0.922	2.182	86.937	149.116	951.102	25.335	-21.133	-158.668
66.000	1.000	1.000	244.818	0.990	1.433	101.658	165.274	947.528	38.972	-17.586	-129.194
66.000	2.000	1.000	246.768	0.990	1.356	152.023	168.339	950.443	62.820	-16.190	-117.487
66.000	3.000	1.000	252.398	0.990	1.087	233.852	174.759	951.469	41.861	-14.009	-97.135
66.000	4.000	1.000	267.951	0.890	1.444	255.943	245.512	950.818	142.025	-12.746	-85.517
66.000	5.000	1.000	277.006	0.786	2.000	292.684	273.418	952.854	71.823	-11.977	-81.713
66.000	6.000	1.000	286.907	0.712	1.877	332.381	304.838	952.567	57.752	-9.822	-64.353
66.000	7.000	1.000	288.680	0.755	1.135	291.270	321.083	950.458	79.198	-9.481	-61.778
66.000	8.000	1.000	285.351	0.778	1.669	234.949	312.038	952.937	60.256	-8.947	-57.066
66.000	9.000	1.000	278.615	0.831	0.592	163.294	284.256	952.329	161.365	-15.082	-104.382
66.000	10.000	1.000	264.726	0.879	1.988	146.876	222.912	952.179	71.835	-15.532	-105.602
66.000	11.000	1.000	250.704	0.959	2.438	101.675	183.306	952.495	39.468	-19.297	-138.991
66.000	12.000	1.000	245.548	0.982	1.718	80.241	175.445	950.390	51.230	-18.357	-133.391
67.000	1.000	1.000	251.427	0.990	1.835	89.830	199.348	948.869	110.187	-15.230	-109.798
67.000	2.000	1.000	249.701	0.994	2.334	145.981	181.915	949.812	62.209	-16.450	-116.711
67.000	3.000	1.000	258.844	0.987	1.856	215.020	205.912	948.950	85.273	-15.166	-104.546
67.000	4.000	1.000	268.169	0.898	1.603	266.026	238.578	952.996	140.085	-11.585	-75.460
67.000	5.000	1.000	276.778	0.821	2.049	310.275	271.580	953.192	47.112	-12.592	-84.410
67.000	6.000	1.000	286.248	0.787	0.844	260.049	324.778	952.254	197.162	-11.349	-75.014
67.000	7.000	1.000	286.895	0.733	1.816	305.462	306.214	952.879	31.725	-9.782	-64.345
67.000	8.000	1.000	284.581	0.764	2.015	266.667	292.838	952.012	45.670	-10.551	-69.318
67.000	9.000	1.000	279.715	0.794	1.962	190.037	273.862	957.187	23.600	-11.839	-79.289
67.000	10.000	1.000	269.990	0.960	1.245	129.501	250.313	953.144	88.048	-15.761	-111.447
67.000	11.000	1.000	254.833	0.961	2.631	94.461	202.434	950.856	66.535	-15.460	-108.624
67.000	12.000	1.000	244.021	0.990	1.866	85.228	162.035	950.947	45.295	-16.372	-116.905
68.000	1.000	1.000	249.342	0.990	2.348	100.460	181.440	953.530	62.026	-14.505	-101.883
68.000	2.000	1.000	247.876	0.974	1.630	152.599	170.447	944.337	73.236	-15.729	-113.768
68.000	3.000	1.000	255.350	0.919	1.920	224.185	184.606	946.953	97.369	-13.526	-93.699
68.000	4.000	1.000	268.071	0.838	1.407	283.550	235.391	952.155	58.125	-11.846	-77.944
68.000	5.000	1.000	277.442	0.770	1.459	308.962	263.689	952.300	78.360	-11.781	-79.700
68.000	6.000	1.000	287.378	0.681	1.970	332.528	301.716	953.713	27.138	-9.646	-64.660
68.000	7.000	1.000	289.788	0.778	0.791	277.152	331.877	951.863	119.294	-10.344	-67.629
68.000	8.000	1.000	285.250	0.824	0.938	196.581	318.073	951.154	162.242	-11.843	-79.351
68.000	9.000	1.000	276.403	0.848	2.418	169.439	277.040	956.541	143.336	-13.792	-93.235
68.000	10.000	1.000	262.105	0.995	2.513	135.224	226.502	953.265	98.140	-15.299	-104.034
68.000	11.000	1.000	251.412	0.878	3.288	102.408	183.312	951.982	46.050	-17.442	-124.063
68.000	12.000	1.000	243.555	0.990	2.529	85.730	159.429	950.357	31.530	-19.096	-138.486
69.000	1.000	1.000	242.505	0.990	1.810	104.385	154.947	946.600	47.664	-17.493	-127.172
69.000	2.000	1.000	254.320	0.990	1.446	139.824	202.475	948.899	87.250	-14.814	-104.249
69.000	3.000	1.000	260.065	0.990	1.421	215.681	206.760	952.082	77.206	-11.007	-72.968
69.000	4.000	1.000	266.658	0.847	2.630	267.174	239.570	950.201	111.108	-12.483	-82.103
69.000	5.000	1.000	275.714	0.848	1.401	316.914	260.868	950.817	93.033	-12.565	-83.825
69.000	6.000	1.000	286.127	0.788	1.557	268.616	319.124	950.405	59.920	-11.456	-76.694
69.000	7.000	1.000	288.331	0.759	1.357	287.526	323.274	952.487	66.347	-9.146	-59.335
69.000	8.000	1.000	284.991	0.717	1.867	261.841	294.586	954.750	52.638	-10.238	-67.143
69.000	9.000	1.000	280.507	0.900	0.509	142.999	303.076	952.374	167.755	-12.483	-82.805
69.000	10.000	1.000	271.604	0.993	1.331	108.225	262.661	951.644	177.234	-14.241	-98.678
69.000	11.000	1.000	249.203	0.990	2.376	104.688	173.999	949.784	44.452	-17.567	-124.470
69.000	12.000	1.000	242.904	0.990	2.535	86.686	157.338	951.215	31.692	-18.646	-135.103
70.000	1.000	1.000	248.284	0.990	2.397	100.034	178.099	949.898	50.312	-16.129	-113.187
70.000	2.000	1.000	247.317	0.990	1.844	158.264	161.484	952.132	39.129	-17.720	-129.133
70.000	3.000	1.000	254.376	0.940	1.489	227.194	186.790	946.389	51.817	-15.289	-106.741
70.000	4.000	1.000	266.966	0.818	3.076	291.080	221.054	951.985	51.705	-12.586	-84.731
70.000	5.000	1.000	276.837	0.782	1.877	288.747	267.034	954.749	68.085	-11.179	-73.802
70.000	6.000	1.000	282.628	0.725	1.706	260.537	301.850	953.810	63.649	-11.650	-77.946
70.000	7.000	1.000	287.858	0.759	1.192	291.307	316.827	951.698	67.212	-10.501	-69.344
70.000	8.000	1.000	285.141	0.829	1.870	171.942	329.453	953.598	141.671	-11.251	-74.343
70.000	9.000	1.000	273.511	0.826	1.890	203.942	244.398	956.502	103.070	-13.346	-87.852
70.000	10.000	1.000	260.713	0.955	2.564	143.912	205.931	956.503	46.792	-16.630	-116.642
70.000	11.000	1.000	251.651	0.925	1.955	97.848	188.434	951.755	57.161	-18.135	-127.892
70.000	12.000	1.000	245.960	0.915	2.031	85.624	168.905	954.629	32.989	-20.399	-152.868
71.000	1.000	1.000	240.870	0.943	2.661	107.087	147.564	953.266	22.027	-20.001	-147.515
71.000	2.000	1.000	242.279	0.990	1.453	163.780	143.805	952.972	24.761	-15.712	-110.797
71.000	3.000	1.000	256.383	0.965	1.570	224.966	190.412	951.656	39.984	-17.293	-125.354
71.000	4.000	1.000	266.386	0.868	2.026	281.161	228.905	949.943	86.354	-14.694	-102.401
71.000	5.000	1.000	276.699	0.712	3.407	336.847	255.519	954.165	47.030	-14.266	-98.799
71.000	6.000	1.000	288.475	0.770	0.987	293.336	328.138	953.668	72.628	-8.668	-56.064
71.000	7.000	1.000	286.643	0.736	2.020	292.812	311.732	951.940	63.522	-10.528	-69.173
71.000	8.000	1.000	287.121	0.787	0.628	234.337	317.069	952.889	99.684	-10.182	-64.887
71.000	9.000	1.000	280.605	0.844	0.681	168.211	285.981	956.257	67.792	-12.833	-87.279
71.000	10.000	1.000	270.954	0.924	1.726	118.941	251.224	955.344	146.651	-15.240	-106.002
71.000	11.000	1.000	260.278	0.971	1.763	83.609	228.801	954.047	136.655	-15.015	-104.469
71.000	12.000	1.000	249.211	0.990	1.416	77.043	189.620	950.133	101.781	-13.965	-98.460
72.000	1.000	1.000	252.100	0.990	1.728	91.561	200.417	948.942	108.302	-15.276	-109.675
72.000	2.000	1.000	248.997	0.990	1.980	147.744	180.884	954.842	91.813	-13.600	-95.693
72.000	3.000	1.000	255.338	0.864	1.750	229.354	184.179	949.941	58.685	-13.189	-89.420
72.000	4.000	1.000	265.716	0.912	1.217	275.936	226.262	952.655	108.664	-12.391	-80.520
72.000	5.000	1.000	271.855	0.821	2.175	320.981	247.413	953.017	44.194	-11.284	-73.461
72.000	6.000	1.000	282.446	0.708	2.301	341.073	283.846	955.374	15.572	-9.831	-61.398
72.000	7.000	1.000	287.965	0.716	1.997	299.879	313.721	951.539	32.783	-11.659	-78.245
72.000	8.000	1.000	283.973	0.719	1.661	250.240	293.507	954.887	50.405	-11.046	-72.081
72.000	9.000	1.000	279.340	0.871	1.363	163.116	288.733	954.682	178.689	-13.197	-88.878
72.000	10.000	1.000	271.911	0.955	0.889	123.122	246.825	952.389	78.662	-13.632	-92.946
72.000	11.000	1.000	257.457	0.936	1.472	98.986	199.442	952.280	68.293	-16.550	-116.091
72.000	12.000	1.000	245.864	0.990	2.032	82.784	170.444	955.057	39.329	-19.459	-144.284
73.000	1.000	1.000	246.602	0.990	2.325	97.836	175.467	953.818	41.266	-16.723	-120.755
73.000	2.000	1.000	248.353	0.990	1.261	144.137	180.462	950.851	134.990	-12.975	-88.956
73.000	3.000	1.000	254.872	0.923	1.390	235.663	181.138	952.667	51.072	-14.361	-97.607
73.000	4.000	1.000	265.016	0.886	1.195	273.049	224.565	949.777	77.383	-12.262	-82.021
73.000	5.000	1.000	275.220	0.800	2.374	296.906	268.101	951.724	143.751	-13.490	-91.755
73.000	6.000	1.000	284.739	0.770	1.107	291.534	305.398	956.281	58.116	-10.254	-67.411
73.000	7.000	1.000	288.737	0.795	0.814	258.947	334.443	954.158	80.598	-9.424	-61.217
73.000	8.000	1.000	284.578	0.785	1.349	224.120	310.212	953.516	83.538	-9.857	-62.937
73.000	9.000	1.000	281.233	0.843	0.088	159.616	295.101	954.819	107.573	-10.864	-70.369
73.000	10.000	1.000	264.265	0.918	0.890	134.997	219.775	955.730	82.083	-14.573	-100.607
73.000	11.000	1.000	247.457	0.909	2.660	108.664	164.969	956.801	25.888	-21.654	-159.241
73.000	12.000	1.000	246.615	0.975	2.461	85.091	168.806	956.225	59.079	-14.924	-106.056
74.000	1.000	1.000	247.328	0.990	1.533	96.338	178.632	952.258	54.813	-16.781	-119.933
74.000	2.000	1.000	246.459	0.990	2.123	157.493	160.923	950.789	13.977	-16.094	-114.698
74.000	3.000	1.000	255.845	0.929	1.783	229.052	186.284	950.289	55.778	-15.896	-111.447
74.000	4.000	1.000	267.895	0.833	1.674	298.644	221.925	952.133	59.465	-12.409	-83.433
74.000	5.000	1.000	281.472	0.755	1.219	309.420	280.533	953.903	46.668	-12.397	-85.892
74.000	6.000	1.000	286.182	0.711	2.165	324.176	305.016	954.712	26.833	-10.786	-70.806
74.000	7.000	1.000	286.611	0.696	1.701	294.405	304.804	951.716	41.778	-11.365	-77.013
74.000	8.000	1.000	284.344	0.793	1.031	228.404	307.792	953.872	111.614	-12.190	-81.144
74.000	9.000	1.000	277.198	0.827	1.600	190.697	263.673	955.181	88.295	-13.083	-87.189
74.000	10.000	1.000	271.328	0.899	0.395	117.424	259.304	954.948	85.456	-14.675	-100.125
74.000	11.000	1.000	259.450	0.990	1.537	92.606	216.271	954.119	108.714	-14.691	-103.430
74.000	12.000	1.000	248.785	0.990	1.351	80.073	183.742	955.451	73.729	-16.147	-114.979
75.000	1.000	1.000	244.226	0.990	1.184	99.937	167.398	952.975	63.586	-17.469	-128.602
75.000	2.000	1.000	250.375	0.990	2.152	149.173	182.286	952.463	85.663	-16.682	-120.536
75.000	3.000	1.000	256.905	0.990	1.506	222.164	194.062	946.859	38.322	-16.130	-121.034
75.000	4.000	1.000	269.065	0.879	2.494	244.624	256.264	951.860	153.971	-11.568	-76.714
75.000	5.000	1.000	274.819	0.831	1.773	294.247	269.166	952.682	53.780	-11.310	-76.005
75.000	6.000	1.000	284.464	0.790	1.530	311.812	302.719	954.775	158.654	-10.948	-71.573
75.000	7.000	1.000	287.374	0.758	1.784	288.878	315.549	953.614	67.933	-9.329	-58.837
75.000	8.000	1.000	282.775	0.742	2.709	215.823	303.297	955.311	37.483	-12.844	-86.741
75.000	9.000	1.000	279.460	0.857	1.366	142.712	296.110	956.606	64.897	-13.472	-89.741
75.000	10.000	1.000	273.335	0.994	0.102	113.402	269.221	953.329	99.108	-14.489	-100.962
75.000	11.000	1.000	254.098	0.980	1.696	97.701	195.842	953.202	55.490	-15.947	-111.132
75.000	12.000	1.000	247.339	0.990	2.416	80.974	175.437	955.593	54.314	-18.482	-133.598
76.000	1.000	1.000	243.562	0.990	1.671	103.173	158.835	954.629	35.809	-16.709	-117.822
76.000	2.000	1.000	250.018	0.990	1.326	144.545	182.474	955.385	60.730	-15.507	-110.138
76.000	3.000	1.000	262.082	0.990	0.696	199.465	220.714	954.772	95.994	-12.846	-87.187
76.000	4.000	1.000	265.785	0.887	2.128	279.170	221.745	953.765	79.961	-13.075	-88.182
76.000	5.000	1.000	278.358	0.755	1.772	267.971	281.663	952.375	72.338	-11.276	-74.818
76.000	6.000	1.000	284.855	0.703	2.692	333.806	292.318	955.720	59.131	-11.377	-76.065
76.000	7.000	1.000	287.902	0.677	2.775	299.935	316.351	954.096	35.754	-12.317	-82.947
76.000	8.000	1.000	287.380	0.765	0.595	255.226	311.298	953.321	60.808	-11.255	-75.772
76.000	9.000	1.000	280.954	0.881	1.027	134.275	302.859	954.911	118.819	-14.272	-97.122
76.000	10.000	1.000	274.543	0.840	1.451	115.816	266.639	956.777	114.934	-14.345	-98.744
76.000	11.000	1.000	253.055	0.990	1.626	96.035	189.340	956.286	51.717	-16.933	-120.883
76.000	12.000	1.000	248.635	0.976	2.122	78.572	181.426	954.852	55.265	-16.814	-120.351
77.000	1.000	1.000	248.966	0.990	2.237	95.088	185.590	952.404	86.331	-14.053	-99.478
77.000	2.000	1.000	247.920	0.990	1.254	145.584	179.435	954.217	64.810	-18.821	-139.476
77.000	3.000	1.000	258.362	0.885	2.237	219.700	206.162	952.990	94.129	-14.817	-102.902
77.000	4.000	1.000	264.756	0.851	1.982	290.538	222.404	953.245	59.244	-13.212	-88.836
77.000	5.000	1.000	276.461	0.767	2.105	304.611	270.682	954.149	139.261	-10.506	-66.702
77.000	6.000	1.000	285.711	0.770	0.838	309.952	308.721	955.191	86.996	-10.979	-73.878
77.000	7.000	1.000	289.960	0.801	1.425	248.660	347.503	954.726	82.970	-8.338	-53.382
77.000	8.000	1.000	283.014	0.739	1.751	252.481	289.492	956.114	28.805	-10.065	-63.881
77.000	9.000	1.000	279.259	0.846	2.222	131.591	301.526	956.666	173.581	-12.476	-82.678
77.000	10.000	1.000	266.865	0.990	1.944	119.112	249.501	955.194	133.504	-16.138	-113.249
77.000	11.000	1.000	250.697	0.731	2.127	107.561	165.184	953.259	23.626	-20.326	-149.358
77.000	12.000	1.000	251.162	0.990	1.822	77.909	193.104	956.704	101.991	-14.871	-106.210
78.000	1.000	1.000	245.113	0.949	3.090	105.726	157.475	953.022	37.476	-20.338	-152.385
78.000	2.000	1.000	249.582	0.990	1.766	148.945	179.580	952.312	71.154	-16.063	-114.115
78.000	3.000	1.000	255.895	0.932	2.452	233.182	181.480	952.184	29.067	-19.185	-141.086
78.000	4.000	1.000	267.350	0.870	2.093	280.377	232.453	954.667	97.696	-13.369	-91.777
78.000	5.000	1.000	281.049	0.741	1.515	330.766	273.163	955.689	68.033	-9.979	-67.474
78.000	6.000	1.000	285.463	0.727	1.823	302.825	307.763	955.330	70.101	-12.249	-82.069
78.000	7.000	1.000	287.361	0.699	1.974	294.833	310.826	954.048	39.930	-11.330	-75.616
78.000	8.000	1.000	285.051	0.774	1.225	221.358	312.348	955.055	122.363	-12.906	-87.488
78.000	9.000	1.000	278.476	0.778	1.580	194.479	263.609	956.988	62.667	-15.465	-108.554
78.000	10.000	1.000	265.606	0.903	2.615	124.613	242.885	956.634	69.430	-15.318	-107.772
78.000	11.000	1.000	247.761	0.990	1.838	104.384	169.921	953.036	68.543	-16.808	-118.960
78.000	12.000	1.000	246.135	0.910	2.367	83.400	172.189	952.620	37.658	-19.291	-142.956
79.000	1.000	1.000	237.658	0.990	1.902	110.098	134.901	955.212	19.268	-19.585	-145.077
79.000	2.000	1.000	252.290	0.990	1.976	141.163	195.347	953.605	79.864	-15.171	-105.685
79.000	3.000	1.000	254.850	0.963	1.188	227.709	188.795	952.397	48.264	-15.736	-110.052
79.000	4.000	1.000	266.504	0.877	1.340	298.072	224.512	954.923	70.772	-13.214	-88.543
79.000	5.000	1.000	276.481	0.729	1.698	336.331	252.771	954.475	50.252	-11.770	-78.504
79.000	6.000	1.000	285.975	0.685	2.138	342.744	295.601	953.048	49.455	-11.777	-79.361
79.000	7.000	1.000	288.173	0.764	1.409	262.827	328.681	954.086	93.812	-11.531	-76.000
79.000	8.000	1.000	286.046	0.803	0.824	230.150	312.197	954.668	77.805	-10.984	-73.223
79.000	9.000	1.000	275.643	0.790	1.853	190.616	258.139	957.891	38.499	-13.836	-91.256
79.000	10.000	1.000	261.311	0.990	3.137	130.222	223.227	958.231	133.114	-15.526	-108.189
79.000	11.000	1.000	247.921	0.907	1.611	107.411	163.027	956.533	20.066	-19.233	-138.402
79.000	12.000	1.000	243.192	0.917	2.085	91.418	150.966	955.148	8.257	-22.289	-167.719
80.000	1.000	1.000	246.535	0.820	2.972	104.007	163.844	952.478	13.220	-21.281	-158.711
80.000	2.000	1.000	251.784	0.990	1.331	147.560	187.940	951.923	63.721	-16.841	-119.154
80.000	3.000	1.000	261.162	0.909	1.480	218.461	209.584	954.413	32.080	-14.102	-99.149
80.000	4.000	1.000	265.963	0.833	2.487	278.334	226.515	955.358	100.492	-12.915	-85.348
80.000	5.000	1.000	277.302	0.766	2.560	288.891	274.563	955.301	158.831	-12.359	-80.860
80.000	6.000	1.000	285.644	0.757	1.470	287.663	311.542	953.779	109.895	-10.980	-71.594
80.000	7.000	1.000	286.772	0.733	1.916	318.438	303.839	955.985	48.784	-8.806	-54.521
80.000	8.000	1.000	286.986	0.820	0.931	229.256	319.399	957.040	62.812	-8.802	-58.776
80.000	9.000	1.000	277.931	0.818	1.001	163.613	277.675	956.472	83.653	-15.194	-104.201
80.000	10.000	1.000	274.452	0.936	0.279	118.623	263.213	954.464	112.160	-13.311	-89.931
80.000	11.000	1.000	257.325	0.990	1.474	90.466	208.317	952.418	72.566	-16.668	-116.826
80.000	12.000	1.000	240.649	0.990	1.580	86.651	151.020	953.928	43.897	-16.079	-113.710
81.000	1.000	1.000	238.512	0.990	2.256	110.742	133.992	950.302	10.313	-21.099	-158.873
81.000	2.000	1.000	245.682	0.990	1.525	148.925	164.182	952.627	71.832	-18.473	-135.735
81.000	3.000	1.000	256.661	0.980	2.077	218.945	201.393	957.189	94.731	-13.905	-94.090
81.000	4.000	1.000	266.247	0.858	1.323	276.607	224.533	952.622	100.965	-12.693	-85.098
81.000	5.000	1.000	277.074	0.750	2.651	358.402	247.673	956.409	19.299	-12.026	-80.277
81.000	6.000	1.000	285.515	0.785	1.282	262.228	321.274	955.477	132.733	-10.480	-68.459
81.000	7.000	1.000	287.683	0.805	1.202	261.697	328.730	956.742	102.368	-9.467	-59.699
81.000	8.000	1.000	284.869	0.785	2.866	218.557	312.405	956.495	87.643	-12.336	-82.256
81.000	9.000	1.000	280.335	0.849	1.338	147.387	300.451	955.548	72.299	-12.884	-84.231
81.000	10.000	1.000	272.509	0.990	0.437	114.812	260.072	954.770	83.520	-13.192	-89.353
81.000	11.000	1.000	253.904	0.947	1.516	96.983	194.899	952.177	45.355	-15.999	-111.209
81.000	12.000	1.000	248.086	0.990	0.786	74.618	187.494	951.491	79.242	-16.923	-123.987
82.000	1.000	1.000	245.015	0.990	1.348	103.381	162.701	952.526	25.793	-16.282	-118.637
82.000	2.000	1.000	251.315	0.990	2.099	143.349	189.525	955.726	58.004	-16.090	-116.731
82.000	3.000	1.000	256.019	0.990	1.416	219.101	197.655	955.711	55.995	-17.026	-124.899
82.000	4.000	1.000	270.716	0.851	0.734	255.740	250.861	953.345	69.355	-11.712	-78.511
82.000	5.000	1.000	276.625	0.763	2.094	288.563	264.704	955.878	118.925	-11.498	-75.617
82.000	6.000	1.000	287.564	0.731	1.511	319.868	311.535	953.285	80.211	-8.420	-52.823
82.000	7.000	1.000	288.442	0.755	1.092	284.354	325.475	954.414	66.494	-10.185	-66.882
82.000	8.000	1.000	285.410	0.797	1.976	199.645	322.228	957.364	92.461	-8.998	-55.547
82.000	9.000	1.000	280.233	0.840	0.779	183.012	278.817	956.792	81.785	-11.279	-74.944
82.000	10.000	1.000	269.442	0.967	1.210	136.830	237.155	955.404	58.643	-14.600	-100.874
82.000	11.000	1.000	256.133	0.990	2.217	91.458	210.476	953.130	79.187	-17.339	-124.764
82.000	12.000	1.000	247.981	0.971	2.303	81.842	178.506	956.334	78.015	-17.523	-126.940
83.000	1.000	1.000	242.584	0.990	1.663	101.111	159.657	955.579	45.668	-17.659	-127.697
83.000	2.000	1.000	250.514	0.990	2.068	147.474	186.350	957.790	56.660	-14.848	-104.988
83.000	3.000	1.000	258.876	0.910	1.939	209.647	212.651	953.192	77.857	-15.094	-103.517
83.000	4.000	1.000	268.995	0.888	1.238	248.810	252.211	954.060	139.062	-12.872	-85.840
83.000	5.000	1.000	276.068	0.813	2.829	309.821	262.633	956.109	98.207	-11.771	-77.727
83.000	6.000	1.000	287.513	0.715	1.385	324.493	315.262	956.036	80.270	-10.292	-65.310
83.000	7.000	1.000	287.038	0.758	0.979	261.337	322.300	955.176	80.256	-10.891	-71.479
83.000	8.000	1.000	285.265	0.775	1.129	222.539	313.547	956.134	99.699	-12.478	-83.606
83.000	9.000	1.000	277.940	0.804	1.258	183.440	271.017	957.271	84.044	-13.729	-93.064
83.000	10.000	1.000	271.272	0.917	2.577	109.628	258.825	957.596	92.317	-15.283	-103.944
83.000	11.000	1.000	253.234	0.990	2.100	92.885	194.685	954.161	73.047	-17.638	-124.680
83.000	12.000	1.000	250.195	0.990	1.276	75.037	191.305	954.970	114.907	-14.018	-97.708
84.000	1.000	1.000	247.050	0.990	1.775	101.226	174.088	955.277	47.670	-16.563	-119.901
84.000	2.000	1.000	247.005	0.990	2.539	148.601	171.311	955.026	59.632	-18.766	-136.568
84.000	3.000	1.000	258.452	0.930	0.945	222.568	202.408	956.467	76.263	-15.384	-108.516
84.000	4.000	1.000	266.891	0.892	1.616	279.356	226.935	954.291	75.494	-13.538	-92.663
84.000	5.000	1.000	276.876	0.767	2.108	303.702	264.931	957.339	59.592	-12.618	-85.834
84.000	6.000	1.000	285.710	0.742	0.749	291.401	308.321	955.885	81.526	-11.515	-76.944
84.000	7.000	1.000	288.862	0.770	1.491	271.593	332.503	957.510	82.421	-9.983	-65.004
84.000	8.000	1.000	287.149	0.782	1.820	213.393	325.282	958.618	56.693	-11.177	-73.574
84.000	9.000	1.000	279.876	0.818	0.813	184.050	276.823	958.865	43.524	-10.102	-66.051
84.000	10.000	1.000	266.898	0.942	1.896	132.551	225.677	958.567	80.123	-15.647	-107.731
84.000	11.000	1.000	249.923	0.990	2.238	98.113	180.286	956.380	64.095	-17.589	-125.904
84.000	12.000	1.000	239.112	0.990	1.844	88.671	142.750	953.953	23.508	-19.072	-138.418
85.000	1.000	1.000	243.438	0.943	2.707	98.095	167.673	957.388	55.406	-19.888	-145.745
85.000	2.000	1.000	248.998	0.990	0.713	150.583	175.681	953.554	77.277	-15.430	-110.636
85.000	3.000	1.000	264.354	0.926	1.932	208.160	221.477	956.171	39.668	-14.797	-105.665
85.000	4.000	1.000	268.583	0.848	2.246	296.431	220.143	952.567	66.599	-12.392	-82.210
85.000	5.000	1.000	282.812	0.806	1.313	285.648	293.628	954.222	84.644	-10.331	-66.883
85.000	6.000	1.000	285.588	0.776	2.099	270.304	318.565	956.354	77.184	-10.886	-71.633
85.000	7.000	1.000	288.467	0.735	1.570	306.161	317.965	954.936	54.958	-10.125	-67.166
85.000	8.000	1.000	284.984	0.754	1.110	236.384	305.760	956.377	55.876	-11.411	-75.565
85.000	9.000	1.000	282.332	0.799	0.708	181.013	292.622	955.569	59.688	-9.684	-61.847
85.000	10.000	1.000	271.232	0.988	0.528	119.711	256.140	954.871	74.349	-14.246	-97.628
85.000	11.000	1.000	258.935	0.990	2.968	80.909	223.789	954.600	128.498	-15.557	-110.844
85.000	12.000	1.000	246.302	1.000	2.611	83.719	173.013	955.875	57.526	-16.782	-120.356
86.000	1.000	1.000	243.718	0.990	1.570	102.538	163.519	954.825	50.076	-16.746	-120.583
86.000	2.000	1.000	246.866	0.969	2.646	152.199	166.692	954.968	78.298	-16.855	-119.977
86.000	3.000	1.000	256.359	0.990	1.322	223.864	195.077	955.605	72.020	-13.393	-90.942
86.000	4.000	1.000	270.667	0.865	0.652	251.227	254.925	953.910	98.649	-10.319	-66.401
86.000	5.000	1.000	276.947	0.843	0.917	291.743	270.896	956.564	73.437	-10.971	-72.966
86.000	6.000	1.000	284.827	0.731	1.622	314.489	299.413	958.325	36.667	-9.517	-61.705
86.000	7.000	1.000	287.755	0.743	1.864	289.138	319.163	956.067	36.679	-9.317	-59.637
86.000	8.000	1.000	283.579	0.779	2.499	207.029	309.205	957.723	96.903	-11.320	-72.622
86.000	9.000	1.000	280.851	0.860	1.313	147.470	301.524	958.045	164.992	-11.618	-75.388
86.000	10.000	1.000	271.005	0.839	2.677	123.785	254.918	954.732	96.966	-15.474	-106.750
86.000	11.000	1.000	252.736	0.990	1.939	97.317	191.157	955.640	75.204	-17.083	-120.967
86.000	12.000	1.000	241.562	0.990	2.221	87.279	149.383	955.976	18.932	-15.834	-112.478
87.000	1.000	1.000	241.714	0.949	2.600	108.513	147.900	956.141	15.813	-20.598	-153.568
87.000	2.000	1.000	249.300	0.977	1.698	149.496	178.470	955.132	59.287	-15.768	-110.416
87.000	3.000	1.000	254.772	0.990	1.811	229.025	186.919	954.876	60.077	-16.180	-114.115
87.000	4.000	1.000	268.818	0.850	0.709	264.962	235.317	955.085	57.572	-12.058	-77.462
87.000	5.000	1.000	280.080	0.749	1.689	295.798	278.932	953.486	110.737	-12.832	-88.579
87.000	6.000	1.000	286.657	0.773	0.987	264.417	323.884	957.798	74.595	-10.459	-68.711
87.000	7.000	1.000	287.915	0.691	2.279	313.129	309.407	957.049	27.534	-8.511	-53.796
87.000	8.000	1.000	286.448	0.771	1.293	227.291	317.830	956.168	47.648	-10.385	-68.393
87.000	9.000	1.000	279.385	0.811	1.313	158.055	288.611	957.965	132.975	-12.819	-83.876
87.000	10.000	1.000	272.593	0.867	1.073	117.326	254.174	958.999	34.194	-12.567	-84.951
87.000	11.000	1.000	255.488	0.990	1.485	99.177	196.456	950.853	48.178	-17.083	-118.352
87.000	12.000	1.000	250.074	0.990	1.417	80.334	184.060	956.369	83.598	-17.418	-124.179
88.000	1.000	1.000	246.644	0.990	1.843	98.575	177.550	956.872	49.054	-16.861	-121.775
88.000	2.000	1.000	252.961	0.990	1.811	145.021	193.789	955.652	50.933	-16.556	-120.579
88.000	3.000	1.000	258.147	0.990	1.180	211.640	207.942	955.869	153.430	-11.533	-76.888
88.000	4.000	1.000	267.169	0.856	1.858	291.130	225.225	954.826	67.766	-12.425	-82.300
88.000	5.000	1.000	282.309	0.752	1.164	308.206	286.022	954.499	72.174	-11.319	-75.026
88.000	6.000	1.000	285.210	0.700	1.904	344.478	290.328	957.322	43.825	-10.816	-73.025
88.000	7.000	1.000	287.945	0.696	1.954	283.486	318.299	956.570	22.815	-10.914	-73.294
88.000	8.000	1.000	284.669	0.777	1.814	240.811	300.021	958.957	52.851	-8.274	-51.339
88.000	9.000	1.000	278.950	0.833	1.667	165.532	288.521	959.156	116.931	-13.802	-92.432
88.000	10.000	1.000	265.471	0.901	2.033	136.067	234.961	957.807	91.232	-15.475	-106.058
88.000	11.000	1.000	254.355	0.990	1.259	95.320	198.198	957.345	66.083	-13.387	-91.194
88.000	12.000	1.000	246.756	0.985	2.333	83.594	172.089	956.020	43.402	-16.592	-120.530
89.000	1.000	1.000	243.167	0.990	1.729	101.868	160.317	952.975	50.940	-18.154	-132.671
89.000	2.000	1.000	257.439	0.990	2.470	128.903	218.295	956.140	118.733	-13.282	-92.107
89.000	3.000	1.000	259.559	0.990	1.044	198.217	215.378	957.897	133.133	-12.612	-85.873
89.000	4.000	1.000	267.560	0.846	1.844	291.495	226.472	954.311	86.643	-12.671	-87.155
89.000	5.000	1.000	277.404	0.814	1.709	339.671	257.310	955.717	55.232	-11.924	-79.127
89.000	6.000	1.000	285.126	0.718	1.496	309.727	302.014	955.005	75.521	-11.341	-74.650
89.000	7.000	1.000	288.545	0.698	1.438	314.637	313.377	959.413	26.988	-7.957	-50.640
89.000	8.000	1.000	285.773	0.761	1.444	208.564	318.278	957.024	59.928	-10.161	-64.851
89.000	9.000	1.000	277.258	0.794	0.860	189.274	264.988	957.107	54.929	-13.857	-93.067
89.000	10.000	1.000	272.239	0.870	2.070	116.747	260.371	958.723	77.762	-14.769	-101.943
89.000	11.000	1.000	254.768	0.990	2.560	89.117	206.577	959.944	135.419	-15.616	-109.174
89.000	12.000	1.000	242.306	0.990	1.304	83.106	164.105	954.750	47.659	-17.944	-131.204
90.000	1.000	1.000	247.729	0.990	2.355	97.017	179.864	956.232	98.992	-13.733	-96.206
90.000	2.000	1.000	248.324	0.997	2.216	152.219	170.809	955.097	32.706	-18.348	-135.636
90.000	3.000	1.000	259.376	0.990	1.026	216.910	209.108	956.098	112.606	-15.526	-106.738
90.000	4.000	1.000	269.240	0.827	0.835	265.405	244.962	956.922	92.186	-13.087	-88.279
90.000	5.000	1.000	275.441	0.777	2.565	288.672	273.341	958.224	129.908	-11.659	-77.168
90.000	6.000	1.000	284.887	0.738	1.220	327.813	296.736	957.973	39.592	-9.155	-57.016
90.000	7.000	1.000	289.733	0.667	2.026	307.786	323.243	957.425	30.785	-7.873	-49.158
90.000	8.000	1.000	286.521	0.800	0.557	206.374	322.873	958.329	102.820	-10.738	-70.648
90.000	9.000	1.000	281.713	0.815	0.791	162.199	300.175	959.070	47.780	-12.038	-80.598
90.000	10.000	1.000	274.651	0.844	1.218	113.738	271.834	956.162	96.816	-13.421	-91.889
90.000	11.000	1.000	260.641	0.990	2.496	84.720	228.266	956.590	112.852	-14.242	-98.549
90.000	12.000	1.000	248.607	0.990	1.959	79.836	184.272	960.160	106.586	-14.597	-102.185
91.000	1.000	1.000	247.923	0.990	1.664	93.071	186.402	957.551	77.094	-16.023	-115.572
91.000	2.000	1.000	246.891	0.990	2.468	163.087	155.065	954.092	20.897	-16.672	-119.448
91.000	3.000	1.000	257.716	0.990	1.555	227.852	191.536	956.219	40.172	-13.966	-95.393
91.000	4.000	1.000	266.774	0.866	1.812	292.075	218.000	957.401	62.895	-11.830	-77.250
91.000	5.000	1.000	280.209	0.784	0.816	298.142	279.231	954.408	101.034	-12.387	-82.932
91.000	6.000	1.000	286.474	0.758	1.737	268.925	317.880	959.779	39.034	-10.902	-72.567
91.000	7.000	1.000	289.156	0.767	0.443	266.257	333.656	956.553	58.986	-8.015	-49.894
91.000	8.000	1.000	286.647	0.770	0.816	233.827	313.822	957.158	68.111	-10.113	-66.615
91.000	9.000	1.000	280.505	0.793	0.988	147.510	297.756	958.923	63.631	-13.367	-90.596
91.000	10.000	1.000	272.858	0.889	1.363	119.155	252.178	954.342	59.681	-13.619	-93.747
91.000	11.000	1.000	256.600	0.990	0.952	90.977	206.202	954.973	81.579	-15.797	-110.614
91.000	12.000	1.000	250.347	0.990	1.970	77.725	191.175	957.314	85.679	-16.039	-115.365
92.000	1.000	1.000	241.064	0.990	1.717	105.852	150.306	956.506	58.795	-14.991	-106.240
92.000	2.000	1.000	250.228	0.980	2.274	151.745	178.296	954.918	40.219	-17.498	-125.570
92.000	3.000	1.000	257.913	0.990	0.959	214.345	201.801	956.412	43.790	-14.944	-104.664
92.000	4.000	1.000	266.064	0.832	1.519	278.001	226.797	953.720	81.218	-12.906	-86.153
92.000	5.000	1.000	276.150	0.757	2.474	324.553	255.543	957.950	22.690	-11.760	-76.658
92.000	6.000	1.000	285.995	0.736	1.108	279.149	319.355	956.853	79.564	-10.545	-66.607
92.000	7.000	1.000	287.911	0.743	1.331	285.495	320.633	957.201	87.427	-9.055	-57.298
92.000	8.000	1.000	283.310	0.735	1.993	233.018	301.285	959.558	111.623	-12.525	-82.186
92.000	9.000	1.000	277.861	0.765	2.165	179.993	273.145	960.969	49.971	-14.466	-97.713
92.000	10.000	1.000	269.147	0.998	0.404	119.381	244.792	959.362	71.295	-13.973	-96.637
92.000	11.000	1.000	262.831	0.990	1.575	84.836	234.579	958.599	159.838	-14.102	-98.449
92.000	12.000	1.000	245.454	0.935	1.746	81.384	170.890	956.092	35.482	-16.708	-118.191
93.000	1.000	1.000	243.117	0.990	2.199	102.126	162.914	959.452	42.981	-16.744	-121.607
93.000	2.000	1.000	248.184	0.990	2.016	155.184	167.129	959.685	23.884	-17.643	-129.450
93.000	3.000	1.000	262.488	0.965	1.189	209.397	215.886	955.566	56.205	-9.657	-59.835
93.000	4.000	1.000	267.411	0.857	2.061	279.974	227.179	955.833	54.626	-12.827	-86.162
93.000	5.000	1.000	280.160	0.739	1.283	318.557	271.233	956.029	67.060	-10.228	-65.757
93.000	6.000	1.000	285.881	0.677	1.677	350.027	293.216	957.469	29.958	-9.525	-63.434
93.000	7.000	1.000	287.316	0.691	1.957	303.345	310.676	957.253	43.731	-11.530	-78.019
93.000	8.000	1.000	284.369	0.773	1.184	219.931	309.995	959.491	101.157	-10.782	-69.671
93.000	9.000	1.000	282.364	0.835	0.589	149.697	308.684	959.114	153.409	-13.346	-90.393
93.000	10.000	1.000	267.767	0.872	2.803	117.192	246.417	961.112	103.245	-15.670	-108.044
93.000	11.000	1.000	257.744	0.990	1.709	86.007	217.747	956.938	105.898	-16.083	-111.702
93.000	12.000	1.000	245.303	0.990	2.898	85.800	166.055	959.391	42.165	-16.238	-116.657
94.000	1.000	1.000	250.983	0.990	1.335	92.713	194.625	956.597	107.992	-14.455	-101.923
94.000	2.000	1.000	253.980	0.990	2.114	143.752	196.565	958.641	79.883	-14.697	-103.165
94.000	3.000	1.000	252.406	0.990	0.932	226.115	183.915	953.322	76.097	-14.550	-101.520
94.000	4.000	1.000	268.627	0.910	1.292	247.341	249.095	954.717	154.905	-12.341	-80.292
94.000	5.000	1.000	275.303	0.765	1.565	300.688	264.441	956.428	49.661	-12.727	-86.003
94.000	6.000	1.000	285.957	0.753	1.371	319.111	309.304	955.420	79.833	-10.314	-68.023
94.000	7.000	1.000	288.575	0.765	1.309	239.696	339.169	957.730	94.752	-11.254	-75.017
94.000	8.000	1.000	287.329	0.803	0.653	188.436	337.994	960.535	134.201	-10.175	-66.769
94.000	9.000	1.000	281.222	0.815	0.605	175.419	288.777	957.319	83.018	-11.827	-77.774
94.000	10.000	1.000	264.711	0.974	2.201	129.996	234.147	957.999	80.909	-15.007	-103.635
94.000	11.000	1.000	258.075	0.990	1.940	97.845	208.429	955.611	56.340	-18.245	-131.679
94.000	12.000	1.000	243.911	0.990	1.531	84.015	160.104	956.944	27.845	-20.888	-155.773
95.000	1.000	1.000	237.933	0.990	1.809	107.933	138.852	958.002	34.090	-16.414	-118.361
95.000	2.000	1.000	252.753	0.990	1.540	143.190	189.142	955.090	47.468	-16.816	-120.443
95.000	3.000	1.000	258.303	0.990	1.546	209.501	202.831	960.204	102.571	-12.589	-89.262
95.000	4.000	1.000	269.776	0.888	1.702	257.302	242.107	957.884	106.654	-12.605	-85.776
95.000	5.000	1.000	277.143	0.701	2.275	312.980	262.760	957.205	104.121	-11.721	-77.165
95.000	6.000	1.000	284.677	0.697	2.213	334.898	292.406	960.264	68.423	-12.603	-84.167
95.000	7.000	1.000	287.819	0.691	1.822	302.970	315.413	957.028	35.205	-10.901	-70.935
95.000	8.000	1.000	284.534	0.768	1.479	219.922	309.169	959.529	58.185	-11.759	-78.120
95.000	9.000	1.000	279.141	0.744	1.065	191.247	271.750	957.868	57.383	-14.666	-100.845
95.000	10.000	1.000	270.146	0.855	0.129	118.598	245.791	956.589	91.053	-14.269	-98.445
95.000	11.000	1.000	252.461	0.990	2.314	102.515	181.952	956.882	28.930	-16.238	-113.573
95.000	12.000	1.000	249.031	0.990	2.038	81.789	176.545	958.284	58.181	-15.499	-109.489
96.000	1.000	1.000	244.101	0.946	2.758	104.320	159.490	955.042	53.365	-17.444	-125.949
96.000	2.000	1.000	250.296	0.990	2.016	153.444	171.797	953.030	42.323	-18.532	-136.629
96.000	3.000	1.000	258.355	0.990	2.151	218.070	203.007	954.865	68.119	-12.953	-86.573
96.000	4.000	1.000	269.314	0.851	0.822	263.385	238.271	955.350	61.263	-11.888	-77.230
96.000	5.000	1.000	277.573	0.723	2.757	300.485	264.881	959.140	86.710	-10.664	-67.608
96.000	6.000	1.000	286.190	0.693	2.256	318.104	308.247	958.511	31.683	-11.613	-77.440
96.000	7.000	1.000	287.134	0.796	1.012	241.432	326.939	958.873	111.785	-9.038	-56.621
96.000	8.000	1.000	285.406	0.723	2.257	254.069	302.166	959.673	24.621	-11.425	-74.612
96.000	9.000	1.000	283.870	0.813	0.588	171.110	302.143	959.180	103.617	-10.920	-70.564
96.000	10.000	1.000	270.524	0.964	0.980	126.167	244.593	958.335	149.341	-14.886	-101.647
96.000	11.000	1.000	255.885	0.990	2.126	93.021	204.315	957.287	78.450	-15.917	-111.048
96.000	12.000	1.000	246.970	0.995	2.590	84.418	170.413	960.836	36.549	-16.584	-117.939
97.000	1.000	1.000	238.941	0.990	1.932	104.800	147.709	961.066	63.632	-16.307	-117.850
97.000	2.000	1.000	246.837	0.962	2.076	160.305	158.427	959.344	18.946	-18.646	-138.706
97.000	3.000	1.000	258.848	0.990	1.111	217.740	201.022	960.234	56.908	-13.672	-94.182
97.000	4.000	1.000	269.819	0.826	1.175	279.626	242.177	957.005	85.491	-13.940	-95.772
97.000	5.000	1.000	282.817	0.791	2.461	236.142	309.354	958.089	72.467	-10.757	-71.226
97.000	6.000	1.000	285.906	0.700	1.810	319.280	302.828	957.981	27.030	-9.369	-58.339
97.000	7.000	1.000	287.955	0.729	1.347	269.497	325.287	959.383	60.525	-9.573	-60.720
97.000	8.000	1.000	287.230	0.740	0.813	250.971	311.506	958.807	38.765	-8.528	-53.184
97.000	9.000	1.000	283.658	0.764	1.031	192.605	288.998	963.702	24.869	-9.181	-59.909
97.000	10.000	1.000	268.780	0.990	1.111	131.401	235.069	960.039	53.741	-14.593	-100.732
97.000	11.000	1.000	255.665	0.990	1.169	94.036	199.800	958.050	93.490	-14.795	-103.779
97.000	12.000	1.000	246.522	0.990	2.377	78.621	177.541	955.920	85.541	-15.230	-107.328
98.000	1.000	1.000	240.121	0.990	1.986	106.194	147.315	959.408	35.223	-18.878	-138.935
98.000	2.000	1.000	250.142	0.990	1.046	151.329	175.587	956.359	41.979	-14.202	-100.512
98.000	3.000	1.000	258.968	0.990	0.949	209.090	210.956	956.103	109.850	-13.669	-94.037
98.000	4.000	1.000	270.884	0.875	0.756	253.843	257.775	956.261	102.465	-12.678	-85.841
98.000	5.000	1.000	276.930	0.777	3.334	258.826	284.941	957.690	120.004	-12.497	-82.808
98.000	6.000	1.000	285.907	0.747	3.249	316.746	309.617	958.216	45.587	-10.644	-69.309
98.000	7.000	1.000	288.663	0.767	0.785	264.128	328.950	957.837	61.994	-8.872	-55.977
98.000	8.000	1.000	285.259	0.795	1.926	210.373	319.773	962.181	105.181	-11.765	-78.791
98.000	9.000	1.000	279.230	0.830	1.074	147.814	295.257	961.334	123.469	-13.145	-87.239
98.000	10.000	1.000	263.763	0.872	2.503	141.449	221.659	959.068	67.091	-16.941	-119.257
98.000	11.000	1.000	250.173	0.899	2.806	101.134	175.480	958.025	80.345	-16.883	-119.647
98.000	12.000	1.000	245.212	0.990	1.596	82.793	169.700	959.475	53.554	-17.079	-122.322
99.000	1.000	1.000	248.397	0.966	2.215	97.163	178.961	962.960	49.176	-20.461	-152.796
99.000	2.000	1.000	245.522	0.990	2.128	149.556	169.798	958.318	71.243	-16.319	-115.231
99.000	3.000	1.000	258.360	0.990	1.102	205.633	205.814	957.405	86.591	-12.494	-83.864
99.000	4.000	1.000	269.417	0.823	1.960	278.366	234.620	959.421	90.090	-10.961	-70.555
99.000	5.000	1.000	276.904	0.749	2.207	302.305	265.959	960.554	88.539	-12.441	-82.880
99.000	6.000	1.000	285.279	0.735	2.044	293.622	310.087	959.202	81.120	-11.087	-73.137
99.000	7.000	1.000	287.903	0.712	1.896	309.570	312.502	958.877	44.978	-10.398	-67.255
99.000	8.000	1.000	284.996	0.742	1.479	226.173	308.230	962.431	56.426	-11.109	-71.253
99.000	9.000	1.000	281.479	0.832	0.823	167.791	294.215	960.329	97.454	-12.399	-82.341
99.000	10.000	1.000	270.376	0.897	2.415	115.222	253.555	960.366	73.052	-16.324	-116.250
99.000	11.000	1.000	253.316	0.990	1.662	94.481	197.251	959.360	96.660	-15.418	-107.989
99.000	12.000	1.000	253.358	0.990	2.100	71.757	207.458	960.163	129.631	-13.733	-96.951
100.000	1.000	1.000	251.310	0.990	2.718	91.369	197.615	956.496	89.782	-16.907	-123.782
100.000	2.000	1.000	247.082	0.990	2.054	155.198	164.843	954.885	35.478	-17.496	-126.442
100.000	3.000	1.000	251.910	0.887	1.539	240.593	164.913	958.823	28.160	-17.017	-125.515
100.000	4.000	1.000	266.831	0.799	1.739	297.051	220.743	956.483	40.266	-12.289	-82.794
100.000	5.000	1.000	275.281	0.710	2.961	333.220	248.732	959.962	16.074	-12.350	-82.396
100.000	6.000	1.000	283.597	0.712	2.365	335.104	290.030	959.959	56.050	-12.062	-79.577
100.000	7.000	1.000	288.673	0.733	0.725	290.179	324.392	959.401	91.744	-11.249	-74.500
100.000	8.000	1.000	284.218	0.735	1.542	244.196	299.286	959.486	109.303	-13.628	-91.798
100.000	9.000	1.000	282.201	0.825	0.349	183.596	289.960	960.223	45.015	-13.746	-97.083
100.000	10.000	1.000	264.319	0.848	2.543	135.262	224.778	960.100	54.624	-18.029	-127.370
100.000	11.000	1.000	256.348	0.990	1.344	87.150	207.564	956.767	96.901	-14.822	-103.332
100.000	12.000	1.000	249.775	0.999	2.636	80.824	181.984	960.502	44.911	-16.898	-120.584
101.000	1.000	1.000	247.822	0.990	2.597	99.306	177.283	957.733	44.807	-18.048	-134.600
101.000	2.000	1.000	254.226	0.990	1.230	144.121	188.796	958.424	69.748	-10.775	-70.361
101.000	3.000	1.000	260.324	0.863	3.286	223.709	199.682	958.758	67.478	-13.759	-96.412
101.000	4.000	1.000	270.136	0.854	2.207	268.224	243.963	957.318	72.253	-13.869	-94.671
101.000	5.000	1.000	277.015	0.762	4.555	256.263	286.744	961.224	101.857	-12.439	-80.890
101.000	6.000	1.000	285.975	0.725	0.782	333.138	298.535	960.762	77.989	-9.637	-62.195
101.000	7.000	1.000	291.040	0.767	0.959	270.712	342.341	960.643	61.100	-7.759	-50.032
101.000	8.000	1.000	288.336	0.769	0.269	223.219	327.629	959.998	58.243	-10.579	-69.407
101.000	9.000	1.000	279.161	0.807	1.604	156.434	287.487	960.782	107.352	-12.687	-82.488
101.000	10.000	1.000	269.950	0.917	0.613	118.548	248.709	957.671	77.683	-13.319	-91.038
101.000	11.000	1.000	256.937	0.880	2.283	101.940	190.037	959.092	17.642	-15.490	-109.097
101.000	12.000	1.000	247.664	0.990	1.305	84.321	172.327	960.384	38.711	-16.504	-117.616
102.000	1.000	1.000	240.380	0.990	1.931	104.149	148.781	963.018	39.460	-19.040	-139.844
102.000	2.000	1.000	251.959	0.990	2.166	151.118	183.650	958.215	48.857	-15.581	-110.262
102.000	3.000	1.000	258.359	0.899	1.327	208.033	209.192	958.984	74.510	-13.762	-94.114
102.000	4.000	1.000	267.193	0.848	1.047	257.513	238.235	961.170	108.345	-11.969	-80.369
102.000	5.000	1.000	276.883	0.789	1.965	286.183	274.250	956.824	133.966	-11.541	-76.044
102.000	6.000	1.000	286.190	0.686	2.060	337.813	301.216	958.483	42.976	-9.742	-61.797
102.000	7.000	1.000	287.596	0.685	1.942	306.501	314.687	958.728	81.838	-10.033	-64.490
102.000	8.000	1.000	285.932	0.817	0.684	219.625	317.041	959.742	93.471	-10.582	-69.168
102.000	9.000	1.000	280.136	0.812	0.799	178.773	284.941	959.927	72.012	-14.802	-101.357
102.000	10.000	1.000	269.651	0.844	2.251	129.049	243.017	960.819	83.311	-14.440	-98.111
102.000	11.000	1.000	254.982	0.990	1.913	98.143	194.791	959.658	54.101	-16.812	-118.964
102.000	12.000	1.000	246.699	0.990	1.110	79.011	176.987	956.598	81.793	-16.575	-119.261
103.000	1.000	1.000	244.439	0.990	1.800	98.259	170.400	957.122	57.431	-16.968	-123.724
103.000	2.000	1.000	244.028	0.990	2.434	160.243	149.761	962.381	27.040	-18.529	-136.103
103.000	3.000	1.000	261.682	0.970	2.469	200.146	221.599	961.246	52.981	-11.044	-71.004
103.000	4.000	1.000	269.304	0.809	2.124	277.412	236.603	959.080	76.263	-12.043	-78.397
103.000	5.000	1.000	277.214	0.787	1.804	279.665	277.031	962.712	104.553	-10.198	-65.295
103.000	6.000	1.000	286.084	0.705	1.323	322.536	302.418	956.795	48.455	-11.252	-75.202
103.000	7.000	1.000	289.425	0.647	1.592	319.840	314.812	959.563	34.120	-11.379	-76.389
103.000	8.000	1.000	288.257	0.795	0.427	210.345	333.189	962.250	84.453	-8.454	-54.382
103.000	9.000	1.000	281.592	0.842	0.912	166.467	293.925	961.719	110.087	-11.491	-75.267
103.000	10.000	1.000	270.201	0.932	1.045	123.282	248.746	957.779	58.529	-13.115	-89.239
103.000	11.000	1.000	259.524	0.990	2.421	82.192	224.856	961.409	109.373	-14.351	-99.990
103.000	12.000	1.000	240.889	0.990	1.400	84.912	151.311	956.870	29.313	-18.617	-136.552
104.000	1.000	1.000	242.399	0.879	2.695	110.788	145.294	960.881	6.497	-17.082	-127.387
104.000	2.000	1.000	256.957	0.990	3.337	143.015	201.210	963.415	54.888	-14.107	-99.748
104.000	3.000	1.000	258.523	0.930	1.596	225.817	194.990	961.317	43.924	-17.848	-129.623
104.000	4.000	1.000	271.443	0.848	2.928	232.645	263.045	958.982	216.248	-11.426	-75.059
104.000	5.000	1.000	276.895	0.703	2.820	337.127	249.918	961.307	26.933	-13.380	-89.204
104.000	6.000	1.000	284.222	0.717	1.543	314.179	296.225	959.238	55.294	-11.756	-78.559
104.000	7.000	1.000	288.341	0.788	1.209	254.953	332.759	958.733	102.506	-10.242	-65.580
104.000	8.000	1.000	284.983	0.771	0.919	241.608	303.973	959.757	128.553	-11.770	-76.917
104.000	9.000	1.000	277.328	0.887	1.936	147.494	289.280	963.265	109.209	-15.899	-110.507
104.000	10.000	1.000	267.895	0.850	1.278	136.227	236.517	960.606	38.806	-16.083	-110.350
104.000	11.000	1.000	247.564	0.950	2.018	108.562	158.194	957.712	17.557	-18.836	-136.631
104.000	12.000	1.000	250.164	0.990	1.553	79.777	184.259	958.429	66.661	-17.166	-124.181
105.000	1.000	1.000	241.861	0.996	1.375	103.296	154.016	960.276	29.641	-17.818	-131.369
105.000	2.000	1.000	248.519	0.937	2.492	156.716	162.557	957.643	14.151	-16.421	-117.664
105.000	3.000	1.000	260.727	0.990	0.921	207.083	213.598	959.451	64.087	-16.118	-115.287
105.000	4.000	1.000	269.154	0.762	2.613	278.500	235.827	960.117	53.425	-14.485	-98.978
105.000	5.000	1.000	279.381	0.722	1.661	309.442	268.250	959.935	76.256	-10.553	-68.326
105.000	6.000	1.000	285.196	0.668	2.339	348.408	292.792	958.937	31.048	-14.989	-105.247
105.000	7.000	1.000	286.396	0.723	1.652	274.756	315.563	960.531	53.192	-11.019	-71.391
105.000	8.000	1.000	283.790	0.757	1.974	262.447	287.624	962.429	30.506	-9.714	-62.963
105.000	9.000	1.000	277.337	0.805	2.425	171.921	276.149	963.589	132.524	-12.931	-84.803
105.000	10.000	1.000	267.370	0.990	0.755	131.838	236.162	957.095	74.470	-13.858	-96.133
105.000	11.000	1.000	256.437	0.940	1.495	100.190	198.098	958.290	36.972	-19.698	-144.165
105.000	12.000	1.000	249.305	0.897	2.148	84.882	177.032	960.844	30.527	-17.391	-125.666
106.000	1.000	1.000	244.621	0.990	1.560	98.024	166.717	957.049	39.657	-17.739	-128.678
106.000	2.000	1.000	254.262	0.990	1.284	142.182	195.981	962.876	62.894	-12.442	-81.691
106.000	3.000	1.000	258.537	0.937	1.022	205.871	209.982	959.483	74.999	-13.195	-90.366
106.000	4.000	1.000	266.355	0.836	1.790	284.211	224.379	959.314	68.103	-14.615	-101.039
106.000	5.000	1.000	277.875	0.747	1.544	311.889	265.430	958.305	77.858	-12.129	-80.017
106.000	6.000	1.000	285.380	0.733	1.367	320.743	299.753	961.220	47.370	-10.975	-71.559
106.000	7.000	1.000	289.468	0.714	1.716	294.402	328.653	959.364	37.630	-10.463	-69.473
106.000	8.000	1.000	286.316	0.770	1.475	218.279	319.557	960.525	59.167	-11.392	-74.324
106.000	9.000	1.000	280.557	0.833	1.094	128.281	309.638	963.408	119.895	-13.819	-93.847
106.000	10.000	1.000	274.603	0.789	0.691	124.693	255.004	961.981	69.688	-13.251	-90.066
106.000	11.000	1.000	258.472	0.990	1.592	94.731	206.786	959.775	51.709	-16.625	-117.610
106.000	12.000	1.000	252.288	0.990	2.775	75.830	196.517	962.945	79.127	-16.093	-116.129
107.000	1.000	1.000	247.548	0.990	0.687	96.643	179.236	959.317	63.623	-15.672	-110.535
107.000	2.000	1.000	251.348	0.990	2.115	140.223	191.430	960.805	57.156	-16.460	-118.409
107.000	3.000	1.000	258.730	0.990	1.383	216.168	202.640	957.874	47.604	-14.875	-104.041
107.000	4.000	1.000	266.467	0.778	2.118	309.523	205.220	959.830	39.322	-12.321	-80.224
107.000	5.000	1.000	279.503	0.743	2.360	263.419	283.537	959.724	89.744	-11.888	-78.056
107.000	6.000	1.000	285.753	0.750	1.642	291.806	311.302	962.242	85.363	-10.490	-68.535
107.000	7.000	1.000	290.567	0.742	0.636	276.174	336.675	960.050	61.506	-10.989	-73.738
107.000	8.000	1.000	286.823	0.770	1.494	231.235	318.999	960.395	24.611	-9.928	-65.110
107.000	9.000	1.000	279.579	0.781	1.249	186.757	274.580	961.675	111.794	-15.283	-105.531
107.000	10.000	1.000	270.861	0.888	2.250	104.782	265.889	960.806	119.004	-14.790	-100.923
107.000	11.000	1.000	256.011	0.943	1.995	94.846	202.031	960.117	43.082	-16.597	-117.727
107.000	12.000	1.000	246.581	0.990	2.180	83.783	169.914	963.221	38.566	-14.642	-101.328
108.000	1.000	1.000	246.043	0.990	1.313	102.119	164.150	959.382	38.223	-15.431	-108.908
108.000	2.000	1.000	254.607	0.990	2.309	134.965	202.592	961.564	137.550	-14.495	-101.142
108.000	3.000	1.000	254.914	0.896	1.637	239.265	177.109	958.026	28.237	-17.674	-130.065
108.000	4.000	1.000	268.522	0.815	1.732	290.138	227.073	960.035	46.043	-11.193	-71.785
108.000	5.000	1.000	278.306	0.704	1.627	317.641	262.706	960.276	46.213	-12.130	-80.170
108.000	6.000	1.000	286.587	0.733	1.357	304.482	312.143	959.399	59.517	-9.441	-59.440
108.000	7.000	1.000	288.068	0.705	1.490	283.734	321.041	960.445	24.013	-10.304	-69.044
108.000	8.000	1.000	286.228	0.839	0.684	196.954	327.997	960.793	178.213	-11.473	-75.819
108.000	9.000	1.000	280.575	0.763	1.175	196.583	277.186	962.961	75.169	-13.438	-90.970
108.000	10.000	1.000	272.722	0.859	1.441	120.075	254.169	961.573	52.641	-11.815	-78.073
108.000	11.000	1.000	259.677	0.990	1.716	93.482	210.229	962.988	45.326	-14.445	-100.700
108.000	12.000	1.000	246.327	0.990	1.857	79.554	174.338	962.405	64.582	-17.769	-128.580
109.000	1.000	1.000	250.340	0.990	2.128	97.963	185.193	961.056	57.394	-18.625	-135.189
109.000	2.000	1.000	246.388	0.990	1.770	148.023	166.047	962.122	71.214	-17.081	-122.447
109.000	3.000	1.000	253.461	0.904	1.734	234.233	178.899	957.891	37.720	-17.425	-125.006
109.000	4.000	1.000	268.236	0.854	1.828	259.827	240.034	960.621	97.272	-11.325	-73.498
109.000	5.000	1.000	276.617	0.733	2.097	327.249	257.086	960.440	66.958	-12.607	-84.328
109.000	6.000	1.000	284.887	0.777	1.520	286.007	311.694	962.456	68.347	-10.794	-71.252
109.000	7.000	1.000	289.583	0.755	0.521	266.441	333.762	960.453	41.476	-8.619	-54.248
109.000	8.000	1.000	286.684	0.789	1.177	245.272	313.320	960.585	56.865	-9.413	-61.300
109.000	9.000	1.000	278.671	0.783	1.811	164.200	285.341	963.861	123.514	-13.033	-88.413
109.000	10.000	1.000	277.136	0.872	1.318	103.624	278.516	959.772	58.848	-13.619	-94.556
109.000	11.000	1.000	262.508	0.945	2.570	83.075	232.534	961.577	106.624	-15.989	-111.907
109.000	12.000	1.000	249.724	0.990	1.856	79.131	186.785	961.807	57.637	-16.607	-118.987
110.000	1.000	1.000	249.078	0.990	1.041	95.378	185.470	960.701	87.630	-14.797	-105.476
110.000	2.000	1.000	257.691	0.990	1.292	126.573	220.752	959.721	122.303	-12.576	-86.437
110.000	3.000	1.000	258.278	0.990	1.571	214.444	199.228	958.797	39.275	-14.651	-101.421
110.000	4.000	1.000	266.351	0.897	1.628	285.536	220.065	963.099	41.881	-11.189	-73.744
110.000	5.000	1.000	280.869	0.740	1.337	275.086	285.945	959.581	110.175	-12.144	-82.545
110.000	6.000	1.000	285.216	0.708	1.721	309.347	301.562	963.238	59.481	-11.370	-73.923
110.000	7.000	1.000	288.841	0.755	0.756	263.611	332.106	961.947	105.330	-11.114	-73.329
110.000	8.000	1.000	286.436	0.750	1.289	253.131	306.721	961.744	60.312	-11.146	-73.594
110.000	9.000	1.000	277.233	0.824	2.990	169.133	281.448	965.086	125.340	-14.627	-100.480
110.000	10.000	1.000	267.278	0.857	1.686	135.453	233.317	962.372	40.770	-17.422	-123.458
110.000	11.000	1.000	255.940	0.991	1.365	95.480	200.387	961.610	84.094	-17.018	-120.212
110.000	12.000	1.000	248.647	0.990	1.572	80.212	181.227	958.014	84.470	-14.803	-105.460
111.000	1.000	1.000	244.070	0.990	2.241	98.515	165.877	961.331	40.749	-18.007	-132.871
111.000	2.000	1.000	252.474	0.990	2.066	148.331	187.263	962.536	46.821	-17.479	-125.866
111.000	3.000	1.000	257.687	0.926	1.344	225.848	192.132	961.033	57.250	-15.661	-112.566
111.000	4.000	1.000	271.150	0.824	1.406	271.835	244.440	962.219	100.390	-11.331	-74.723
111.000	5.000	1.000	279.303	0.750	1.975	261.723	286.196	960.792	82.463	-10.955	-71.547
111.000	6.000	1.000	288.588	0.760	1.797	259.733	337.079	960.029	50.486	-9.774	-62.908
111.000	7.000	1.000	290.676	0.717	1.264	279.434	339.874	959.858	59.918	-10.243	-66.859
111.000	8.000	1.000	284.510	0.793	2.116	219.348	311.577	960.484	73.995	-10.354	-65.873
111.000	9.000	1.000	282.998	0.770	0.691	187.965	287.595	963.957	59.507	-11.670	-76.959
111.000	10.000	1.000	266.841	0.913	1.626	132.203	234.489	963.089	65.508	-14.952	-105.313
111.000	11.000	1.000	261.438	0.990	1.892	87.963	222.209	963.735	37.308	-14.303	-99.302
111.000	12.000	1.000	245.502	0.990	1.435	83.066	166.312	962.324	39.801	-18.270	-133.405
112.000	1.000	1.000	247.025	0.990	0.944	97.036	177.807	959.388	40.487	-15.241	-110.461
112.000	2.000	1.000	246.785	0.990	2.229	154.740	164.545	962.771	24.068	-18.358	-135.284
112.000	3.000	1.000	259.828	0.896	2.323	216.768	205.989	958.844	97.106	-13.158	-89.767
112.000	4.000	1.000	270.254	0.812	1.124	265.453	239.331	960.300	48.160	-12.446	-82.899
112.000	5.000	1.000	277.896	0.736	2.253	293.789	267.185	961.939	70.547	-10.451	-67.958
112.000	6.000	1.000	286.037	0.747	1.373	283.757	314.870	962.847	79.532	-9.224	-58.513
112.000	7.000	1.000	287.930	0.748	1.778	269.391	324.739	961.875	59.359	-10.300	-67.483
112.000	8.000	1.000	286.359	0.805	0.547	215.044	322.513	958.729	45.508	-9.259	-58.134
112.000	9.000	1.000	281.979	0.846	1.748	143.300	308.858	964.818	124.352	-12.249	-81.314
112.000	10.000	1.000	274.659	0.867	1.199	108.614	267.158	960.482	77.507	-13.778	-92.818
112.000	11.000	1.000	255.779	0.997	2.199	101.214	187.873	961.054	18.704	-18.127	-131.202
112.000	12.000	1.000	251.073	0.990	1.754	79.356	187.243	958.465	89.022	-13.620	-95.118
113.000	1.000	1.000	247.084	0.990	1.156	100.272	171.648	959.004	66.639	-15.518	-109.956
113.000	2.000	1.000	253.156	0.990	1.082	139.860	196.215	956.880	78.224	-15.174	-107.069
113.000	3.000	1.000	254.653	0.990	1.676	228.410	181.800	961.551	45.339	-15.440	-110.517
113.000	4.000	1.000	266.829	0.814	1.294	280.965	228.699	961.999	69.259	-13.455	-91.397
113.000	5.000	1.000	277.382	0.802	2.278	275.888	281.107	963.571	110.903	-11.919	-79.333
113.000	6.000	1.000	284.660	0.733	1.884	286.344	306.653	962.509	106.353	-10.847	-70.629
113.000	7.000	1.000	287.536	0.779	0.642	231.306	335.526	959.925	116.316	-10.364	-67.027
113.000	8.000	1.000	285.211	0.720	1.009	250.825	301.462	962.034	41.924	-13.663	-91.521
113.000	9.000	1.000	278.956	0.803	1.658	164.693	288.783	964.692	98.872	-13.743	-92.757
113.000	10.000	1.000	268.862	0.982	1.829	113.121	253.526	961.737	76.676	-14.280	-97.475
113.000	11.000	1.000	253.091	0.884	2.440	100.030	185.193	963.096	44.906	-15.986	-110.993
113.000	12.000	1.000	239.695	0.958	1.839	89.124	140.292	961.359	17.022	-21.747	-161.286
114.000	1.000	1.000	243.516	0.990	1.415	96.196	167.138	965.092	75.232	-16.077	-114.707
114.000	2.000	1.000	252.414	0.990	1.933	144.039	187.533	962.849	64.944	-16.468	-117.293
114.000	3.000	1.000	260.052	0.877	1.853	227.510	199.096	961.058	35.745	-15.793	-111.742
114.000	4.000	1.000	268.858	0.783	2.131	294.410	220.322	960.382	32.164	-12.797	-84.775
114.000	5.000	1.000	281.578	0.740	1.734	270.933	291.601	961.501	37.087	-10.466	-68.465
114.000	6.000	1.000	286.815	0.665	2.527	340.050	303.143	963.148	55.676	-11.198	-74.984
114.000	7.000	1.000	287.716	0.704	1.483	288.467	314.997	960.937	34.343	-9.863	-64.169
114.000	8.000	1.000	284.188	0.758	1.423	226.049	307.098	962.063	118.254	-11.692	-78.136
114.000	9.000	1.000	279.030	0.885	0.964	171.571	278.207	965.799	97.172	-12.954	-86.880
114.000	10.000	1.000	274.751	0.812	0.671	116.602	261.879	962.657	80.355	-13.694	-92.832
114.000	11.000	1.000	260.733	0.990	1.868	94.415	207.800	965.343	42.637	-18.070	-130.232
114.000	12.000	1.000	251.483	0.962	1.568	79.853	188.521	963.630	57.379	-16.168	-115.016
115.000	1.000	1.000	243.829	0.990	1.638	104.819	153.847	964.595	14.246	-18.183	-132.553
115.000	2.000	1.000	243.658	0.937	2.083	157.189	151.684	962.441	22.525	-18.293	-134.531
115.000	3.000	1.000	257.562	0.942	1.201	226.586	193.121	962.132	40.889	-15.923	-111.438
115.000	4.000	1.000	270.825	0.727	2.766	290.670	231.492	963.498	30.748	-15.173	-105.786
115.000	5.000	1.000	280.759	0.744	2.037	266.819	287.048	963.873	62.809	-9.353	-59.296
115.000	6.000	1.000	285.864	0.747	1.720	299.935	310.124	962.345	76.677	-9.052	-56.662
115.000	7.000	1.000	287.121	0.745	1.122	272.649	322.369	962.451	68.608	-10.452	-66.297
115.000	8.000	1.000	286.807	0.805	1.375	204.754	328.301	962.389	116.177	-10.965	-71.750
115.000	9.000	1.000	281.878	0.848	0.772	159.690	296.843	965.516	138.249	-11.526	-75.439
115.000	10.000	1.000	273.138	0.796	0.643	129.277	247.987	962.873	61.774	-15.109	-101.479
115.000	11.000	1.000	263.089	0.990	0.816	76.332	234.836	963.730	86.192	-15.023	-104.162
115.000	12.000	1.000	243.901	0.939	2.024	83.633	161.746	963.096	24.310	-20.266	-151.598
116.000	1.000	1.000	248.412	0.990	1.315	99.379	175.900	960.009	37.334	-16.787	-122.440
116.000	2.000	1.000	249.488	0.990	1.482	149.575	175.363	962.236	51.513	-15.718	-113.487
116.000	3.000	1.000	254.908	0.990	1.274	230.677	181.644	963.295	34.985	-13.844	-96.070
116.000	4.000	1.000	271.126	0.831	1.490	247.306	255.690	961.694	121.015	-12.512	-84.010
116.000	5.000	1.000	279.886	0.744	1.972	281.142	284.957	962.960	59.223	-11.318	-76.791
116.000	6.000	1.000	288.200	0.694	1.847	325.525	313.466	963.388	51.382	-9.121	-58.877
116.000	7.000	1.000	289.821	0.742	1.085	288.144	328.703	960.987	73.303	-8.892	-57.072
116.000	8.000	1.000	287.104	0.763	1.466	234.946	322.131	963.757	51.074	-7.967	-49.595
116.000	9.000	1.000	280.534	0.811	0.298	163.168	292.355	963.609	139.088	-14.552	-100.447
116.000	10.000	1.000	267.685	0.833	1.858	144.027	230.868	963.907	57.566	-15.090	-102.294
116.000	11.000	1.000	255.081	0.934	2.148	96.835	195.895	964.289	32.170	-18.866	-136.007
116.000	12.000	1.000	249.711	0.990	1.560	76.938	188.076	962.385	49.156	-17.490	-126.321
117.000	1.000	1.000	255.020	0.990	1.718	87.551	209.973	961.350	105.553	-14.431	-103.044
117.000	2.000	1.000	252.421	0.990	2.461	143.532	188.939	961.604	50.972	-15.978	-112.711
117.000	3.000	1.000	261.355	0.967	2.044	211.845	212.797	960.776	71.220	-15.001	-103.480
117.000	4.000	1.000	271.344	0.838	1.649	257.389	248.756	963.872	119.301	-11.351	-73.954
117.000	5.000	1.000	279.658	0.777	2.021	298.733	283.120	963.299	38.818	-11.933	-79.488
117.000	6.000	1.000	287.541	0.768	0.814	253.193	333.406	963.075	175.366	-10.648	-69.538
117.000	7.000	1.000	288.035	0.721	1.766	302.337	313.834	963.408	29.360	-9.193	-59.639
117.000	8.000	1.000	286.334	0.749	1.812	266.663	302.931	962.832	38.690	-9.571	-61.847
117.000	9.000	1.000	281.634	0.774	1.668	189.911	281.960	968.467	20.333	-11.310	-75.354
117.000	10.000	1.000	272.949	0.909	1.115	126.652	258.268	964.872	70.489	-15.319	-108.140
117.000	11.000	1.000	259.210	0.936	2.341	89.621	215.024	962.650	54.187	-15.029	-105.639
117.000	12.000	1.000	248.184	0.990	1.709	81.925	174.666	962.942	43.460	-15.505	-109.834
118.000	1.000	1.000	252.935	0.990	2.231	98.181	192.066	966.011	59.415	-13.706	-95.129
118.000	2.000	1.000	250.596	0.990	1.756	150.150	177.471	956.129	59.959	-15.257	-109.768
118.000	3.000	1.000	257.861	0.901	2.107	221.010	191.491	958.780	81.270	-13.361	-92.633
118.000	4.000	1.000	271.246	0.782	1.454	274.913	245.568	963.032	49.476	-11.612	-76.438
118.000	5.000	1.000	280.322	0.729	1.431	297.421	275.229	962.406	64.516	-11.123	-74.777
118.000	6.000	1.000	288.671	0.664	1.940	325.672	310.344	964.534	24.132	-8.946	-59.184
118.000	7.000	1.000	290.929	0.765	0.741	274.026	339.497	962.392	110.389	-9.755	-62.923
118.000	8.000	1.000	287.003	0.808	0.735	196.577	328.166	961.974	137.369	-10.864	-71.880
118.000	9.000	1.000	278.321	0.827	2.125	169.313	285.138	967.821	123.438	-13.262	-89.300
118.000	10.000	1.000	265.064	0.942	2.383	132.375	234.457	964.992	78.490	-14.857	-100.727
118.000	11.000	1.000	255.789	0.856	2.999	97.568	195.902	963.775	37.472	-17.011	-121.078
118.000	12.000	1.000	247.718	0.990	2.371	82.427	172.059	962.351	30.252	-18.229	-131.416
119.000	1.000	1.000	246.099	0.990	1.693	102.106	165.573	959.081	45.656	-16.695	-120.418
119.000	2.000	1.000	257.040	0.990	1.573	137.375	209.499	960.691	71.375	-14.343	-100.249
119.000	3.000	1.000	262.576	0.990	1.609	212.506	213.645	963.908	64.398	-10.842	-71.903
119.000	4.000	1.000	269.833	0.790	2.677	258.537	249.748	961.077	94.525	-12.249	-80.597
119.000	5.000	1.000	278.594	0.802	1.373	305.372	272.408	960.924	76.538	-11.906	-78.903
119.000	6.000	1.000	287.420	0.769	1.527	261.760	327.752	961.225	53.267	-10.755	-71.218
119.000	7.000	1.000	289.472	0.747	1.307	284.400	330.894	963.016	61.387	-8.557	-54.629
119.000	8.000	1.000	286.744	0.703	1.664	261.838	304.678	965.569	44.544	-9.258	-59.671
119.000	9.000	1.000	282.426	0.877	0.215	142.872	311.175	963.653	144.402	-11.954	-78.870
119.000	10.000	1.000	274.563	0.940	1.201	105.376	270.616	963.372	141.606	-13.799	-95.370
119.000	11.000	1.000	253.580	0.990	2.087	99.848	186.589	961.578	36.140	-17.136	-121.486
119.000	12.000	1.000	247.067	0.990	2.377	83.382	169.968	963.210	30.407	-17.779	-128.033
120.000	1.000	1.000	251.877	0.990	2.279	97.755	188.725	962.379	48.191	-15.331	-106.433
120.000	2.000	1.000	250.037	0.990	1.970	155.815	168.507	963.924	31.984	-17.248	-125.133
120.000	3.000	1.000	256.886	0.922	1.677	224.019	193.675	958.215	43.192	-15.124	-105.676
120.000	4.000	1.000	270.142	0.763	3.122	282.443	231.231	962.861	43.965	-12.353	-83.225
120.000	5.000	1.000	279.717	0.740	1.849	277.206	278.574	964.856	55.971	-10.520	-68.879
120.000	6.000	1.000	283.920	0.708	1.676	253.681	310.478	964.631	56.566	-10.949	-72.470
120.000	7.000	1.000	288.999	0.747	1.142	288.182	324.447	962.227	62.180	-9.912	-64.637
120.000	8.000	1.000	286.894	0.813	1.667	171.939	339.546	964.418	119.817	-10.271	-66.872
120.000	9.000	1.000	275.430	0.805	1.596	203.816	252.496	967.781	88.682	-12.817	-83.917
120.000	10.000	1.000	263.672	0.904	2.434	141.063	213.886	968.231	37.347	-16.188	-113.334
120.000	11.000	1.000	256.028	0.901	1.666	93.008	201.024	963.548	46.433	-17.703	-124.908
120.000	12.000	1.000	250.123	0.932	1.874	82.321	181.536	966.624	31.649	-19.532	-145.798
121.000	1.000	1.000	244.463	0.969	2.543	104.808	158.189	965.747	21.097	-19.203	-140.761
121.000	2.000	1.000	244.998	0.990	1.580	161.331	150.829	964.764	20.223	-15.240	-106.797
121.000	3.000	1.000	258.894	0.946	1.757	221.790	197.297	963.482	33.307	-17.128	-124.289
121.000	4.000	1.000	269.561	0.810	2.072	272.524	239.082	960.819	73.388	-14.460	-100.895
121.000	5.000	1.000	279.579	0.673	3.378	325.306	267.058	964.271	38.632	-13.607	-93.876
121.000	6.000	1.000	289.767	0.752	0.957	286.479	336.766	964.488	64.528	-7.967	-50.587
121.000	7.000	1.000	287.783	0.723	1.970	289.686	319.351	962.469	58.758	-9.939	-64.467
121.000	8.000	1.000	288.873	0.772	0.425	234.333	327.162	963.709	84.260	-9.203	-57.416
121.000	9.000	1.000	282.524	0.823	0.387	168.085	294.079	967.536	58.302	-12.303	-83.344
121.000	10.000	1.000	273.913	0.875	1.596	116.092	259.180	967.072	116.932	-14.798	-102.694
121.000	11.000	1.000	264.656	0.946	1.474	78.769	241.391	965.841	110.911	-14.584	-101.484
121.000	12.000	1.000	253.374	0.990	1.258	73.739	202.251	962.128	97.645	-13.098	-91.390
122.000	1.000	1.000	255.693	0.990	1.610	89.282	211.043	961.423	103.728	-14.478	-102.921
122.000	2.000	1.000	251.717	0.990	2.106	145.295	187.908	966.634	74.923	-13.128	-91.693
122.000	3.000	1.000	257.849	0.847	1.937	226.178	191.065	961.767	48.852	-13.024	-88.355
122.000	4.000	1.000	268.891	0.850	1.264	267.299	236.440	963.531	92.299	-12.158	-79.014
122.000	5.000	1.000	274.735	0.777	2.147	309.440	258.952	963.123	36.274	-10.625	-68.538
122.000	6.000	1.000	283.739	0.691	2.271	334.216	292.474	966.195	13.831	-9.131	-55.922
122.000	7.000	1.000	289.106	0.704	1.947	296.754	321.341	962.068	30.321	-11.070	-73.539
122.000	8.000	1.000	285.725	0.704	1.458	250.237	303.600	965.707	42.582	-10.066	-64.610
122.000	9.000	1.000	281.259	0.849	1.069	162.989	296.832	965.961	153.605	-12.667	-84.943
122.000	10.000	1.000	274.870	0.904	0.759	120.273	254.781	964.116	62.656	-13.190	-89.638
122.000	11.000	1.000	261.834	0.912	1.183	94.146	212.032	964.074	55.379	-16.119	-113.107
122.000	12.000	1.000	250.027	0.990	1.874	79.480	183.074	967.052	37.729	-18.592	-137.213
123.000	1.000	1.000	250.195	0.990	2.207	95.558	186.093	966.299	39.522	-15.924	-114.001
123.000	2.000	1.000	251.073	0.990	1.387	141.688	187.486	962.644	110.066	-12.503	-84.956
123.000	3.000	1.000	257.383	0.904	1.577	232.488	188.023	964.493	42.486	-14.196	-96.542
123.000	4.000	1.000	268.191	0.826	1.241	264.412	234.742	960.653	65.694	-12.028	-80.514
123.000	5.000	1.000	278.100	0.756	2.346	285.365	279.640	961.830	117.897	-12.831	-86.832
123.000	6.000	1.000	286.032	0.751	1.077	284.677	314.026	967.102	51.605	-9.553	-61.935
123.000	7.000	1.000	289.877	0.782	0.764	255.821	342.063	964.687	74.535	-8.835	-56.511
123.000	8.000	1.000	286.331	0.770	1.146	224.116	320.305	964.336	70.531	-8.878	-55.465
123.000	9.000	1.000	283.151	0.822	-0.206	159.490	303.200	966.098	92.429	-10.334	-66.434
123.000	10.000	1.000	267.224	0.870	0.760	132.148	227.730	967.458	65.313	-14.131	-97.299
123.000	11.000	1.000	251.835	0.886	2.371	103.824	177.559	968.595	20.974	-21.223	-156.257
123.000	12.000	1.000	250.778	0.994	2.304	81.788	181.437	968.220	56.674	-14.057	-98.986
124.000	1.000	1.000	250.922	0.990	1.416	94.059	189.258	964.739	52.494	-15.983	-113.179
124.000	2.000	1.000	249.179	0.990	2.249	155.044	167.946	962.581	11.387	-15.622	-110.698
124.000	3.000	1.000	258.356	0.910	1.971	225.877	193.169	962.116	46.368	-15.730	-110.382
124.000	4.000	1.000	271.070	0.777	1.721	290.007	232.102	963.010	50.456	-12.176	-81.926
124.000	5.000	1.000	284.352	0.714	1.191	297.879	292.072	964.010	38.245	-11.738	-80.969
124.000	6.000	1.000	287.475	0.694	2.135	317.320	313.644	965.532	23.820	-10.085	-65.330
124.000	7.000	1.000	287.752	0.685	1.651	291.280	312.424	962.245	38.631	-10.776	-72.307
124.000	8.000	1.000	286.096	0.777	0.828	228.401	317.885	964.692	94.182	-11.210	-73.672
124.000	9.000	1.000	279.116	0.806	1.306	190.570	271.772	966.460	75.830	-12.553	-83.254
124.000	10.000	1.000	274.287	0.851	0.265	114.575	267.259	966.676	67.925	-14.233	-96.817
124.000	11.000	1.000	263.828	0.986	1.247	87.766	228.861	965.913	87.999	-14.260	-100.445
124.000	12.000	1.000	252.948	0.990	1.194	76.770	196.373	967.446	70.725	-15.280	-107.909
125.000	1.000	1.000	247.819	0.990	1.067	97.659	178.024	965.455	60.893	-16.671	-121.848
125.000	2.000	1.000	253.095	0.990	2.278	146.724	189.310	964.255	69.728	-16.210	-116.537
125.000	3.000	1.000	259.416	0.990	1.693	218.988	200.947	958.686	31.835	-15.965	-119.968
125.000	4.000	1.000	272.240	0.820	2.540	235.987	266.441	962.737	130.572	-11.334	-75.208
125.000	5.000	1.000	277.699	0.785	1.745	282.706	280.705	962.789	44.038	-10.651	-71.083
125.000	6.000	1.000	285.756	0.771	1.499	304.956	311.347	965.596	140.799	-10.248	-66.097
125.000	7.000	1.000	288.515	0.746	1.735	285.752	323.169	964.143	62.808	-8.741	-54.131
125.000	8.000	1.000	284.528	0.727	2.505	215.819	313.389	966.131	31.611	-11.864	-79.270
125.000	9.000	1.000	281.378	0.836	1.072	142.586	304.209	967.885	55.709	-12.942	-85.806
125.000	10.000	1.000	276.294	0.941	-0.028	110.553	277.177	965.057	78.692	-14.047	-97.654
125.000	11.000	1.000	258.475	0.954	1.407	92.861	208.432	964.995	44.876	-15.516	-108.147
125.000	12.000	1.000	251.502	0.990	2.258	77.671	188.068	967.587	52.099	-17.616	-126.528
126.000	1.000	1.000	247.155	0.990	1.553	100.894	169.461	967.110	34.292	-15.910	-111.067
126.000	2.000	1.000	252.738	0.990	1.452	142.096	189.498	967.177	49.392	-15.036	-106.138
126.000	3.000	1.000	264.593	0.990	0.883	196.290	227.599	966.598	79.690	-12.681	-86.121
126.000	4.000	1.000	268.961	0.827	2.174	270.533	231.922	964.641	67.772	-12.841	-86.676
126.000	5.000	1.000	281.238	0.714	1.744	256.429	293.202	962.482	59.186	-10.617	-69.896
126.000	6.000	1.000	286.147	0.686	2.662	326.949	300.946	966.540	52.462	-10.677	-70.589
126.000	7.000	1.000	289.043	0.666	2.725	296.810	323.971	964.624	33.053	-11.728	-78.241
126.000	8.000	1.000	289.133	0.750	0.392	255.223	321.391	964.141	51.251	-10.275	-68.301
126.000	9.000	1.000	282.873	0.859	0.733	134.149	310.957	966.190	101.950	-13.743	-93.187
126.000	10.000	1.000	277.502	0.796	1.320	112.967	274.594	968.504	91.160	-13.903	-95.436
126.000	11.000	1.000	257.432	0.990	1.337	91.196	201.930	968.080	41.787	-16.502	-117.898
126.000	12.000	1.000	252.798	0.995	1.964	75.268	194.056	966.847	53.010	-15.947	-113.280
127.000	1.000	1.000	252.559	0.990	2.120	92.809	196.216	964.885	82.669	-13.254	-92.724
127.000	2.000	1.000	250.640	0.990	1.380	143.135	186.458	966.009	52.664	-18.350	-135.476
127.000	3.000	1.000	260.872	0.867	2.425	216.525	213.047	964.816	78.088	-14.652	-101.837
127.000	4.000	1.000	267.931	0.794	2.028	281.901	232.581	964.122	50.185	-12.979	-87.330
127.000	5.000	1.000	279.341	0.725	2.077	293.069	282.221	964.256	113.849	-9.848	-61.779
127.000	6.000	1.000	287.004	0.751	0.808	303.096	317.349	966.012	77.162	-10.278	-68.401
127.000	7.000	1.000	291.101	0.788	1.375	245.535	355.123	965.255	76.692	-7.750	-48.676
127.000	8.000	1.000	284.766	0.725	1.548	252.477	299.585	966.934	24.264	-9.086	-56.409
127.000	9.000	1.000	281.178	0.825	1.928	131.465	309.625	967.945	148.866	-11.947	-78.743
127.000	10.000	1.000	269.824	0.972	1.814	116.263	257.456	966.922	105.774	-15.696	-109.942
127.000	11.000	1.000	255.074	0.713	1.838	102.721	177.774	965.053	19.072	-19.895	-146.373
127.000	12.000	1.000	255.325	0.990	1.664	74.606	205.734	968.699	97.826	-14.004	-99.140
128.000	1.000	1.000	248.706	0.974	2.972	103.447	168.101	965.503	35.885	-19.540	-145.631
128.000	2.000	1.000	252.302	0.990	1.892	146.496	186.604	964.105	57.770	-15.591	-110.116
128.000	3.000	1.000	258.406	0.914	2.640	230.007	188.365	964.011	24.097	-19.019	-140.021
128.000	4.000	1.000	270.525	0.811	2.139	271.740	242.631	965.544	82.712	-13.136	-90.270
128.000	5.000	1.000	283.929	0.701	1.487	319.225	284.702	965.796	55.573	-9.320	-62.551
128.000	6.000	1.000	286.756	0.709	1.792	295.968	316.391	966.151	62.158	-11.549	-76.593
128.000	7.000	1.000	288.502	0.687	1.924	291.707	318.446	964.577	36.904	-10.742	-70.910
128.000	8.000	1.000	286.803	0.758	1.022	221.355	322.441	965.875	103.011	-11.927	-80.017
128.000	9.000	1.000	280.395	0.758	1.286	194.352	271.707	968.267	53.719	-14.935	-104.619
128.000	10.000	1.000	268.565	0.855	2.485	121.764	250.840	968.361	54.949	-14.876	-104.464
128.000	11.000	1.000	252.138	0.990	1.549	99.544	182.511	964.829	55.281	-16.377	-115.975
128.000	12.000	1.000	250.299	0.927	2.210	80.097	184.819	964.615	36.118	-18.424	-135.886
129.000	1.000	1.000	241.251	0.990	1.784	107.819	145.527	967.693	18.449	-18.786	-138.322
129.000	2.000	1.000	255.010	0.990	2.102	138.714	202.371	965.397	64.784	-14.699	-101.685
129.000	3.000	1.000	257.361	0.944	1.376	224.534	195.680	964.223	39.982	-15.570	-108.986
129.000	4.000	1.000	269.679	0.817	1.386	289.435	234.689	965.799	59.884	-12.980	-87.037
129.000	5.000	1.000	279.361	0.689	1.670	324.789	264.311	964.582	41.015	-11.111	-73.581
129.000	6.000	1.000	287.267	0.668	2.108	335.888	304.229	963.869	43.839	-11.076	-73.885
129.000	7.000	1.000	289.313	0.751	1.359	259.702	336.301	964.615	86.691	-10.942	-71.294
129.000	8.000	1.000	287.798	0.787	0.620	230.147	322.289	965.488	65.461	-10.004	-65.751
129.000	9.000	1.000	277.562	0.771	1.560	190.490	266.238	969.170	32.986	-13.306	-87.321
129.000	10.000	1.000	264.270	0.972	3.007	127.373	231.182	969.959	105.233	-15.084	-104.881
129.000	11.000	1.000	252.298	0.884	1.322	102.571	175.617	968.326	16.168	-18.802	-135.418
129.000	12.000	1.000	247.355	0.934	1.928	88.115	163.596	967.143	7.919	-21.422	-160.649
130.000	1.000	1.000	250.128	0.843	2.855	101.728	174.470	964.959	12.658	-20.483	-151.957
130.000	2.000	1.000	254.503	0.990	1.458	145.111	194.964	963.715	51.643	-16.369	-115.154
130.000	3.000	1.000	263.673	0.891	1.668	215.285	216.470	966.240	26.557	-13.936	-98.083
130.000	4.000	1.000	269.138	0.777	2.533	269.697	236.692	966.234	84.984	-12.681	-83.841
130.000	5.000	1.000	280.182	0.724	2.532	277.350	286.102	965.408	129.528	-11.700	-75.937
130.000	6.000	1.000	286.936	0.739	1.440	280.806	320.170	964.600	97.387	-10.280	-66.118
130.000	7.000	1.000	287.913	0.721	1.866	315.312	311.459	966.514	45.076	-8.218	-49.815
130.000	8.000	1.000	288.739	0.803	0.728	229.253	329.492	967.860	52.815	-7.823	-51.305
130.000	9.000	1.000	279.850	0.797	0.707	163.487	285.774	967.751	71.640	-14.664	-100.266
130.000	10.000	1.000	277.411	0.886	0.149	115.774	271.168	966.192	88.569	-12.869	-86.623
130.000	11.000	1.000	261.702	0.990	1.185	85.626	220.906	964.212	58.416	-16.237	-113.841
130.000	12.000	1.000	244.812	0.990	1.422	83.348	163.650	965.923	42.100	-15.212	-106.640
131.000	1.000	1.000	242.105	0.990	2.139	108.463	144.617	962.783	9.874	-20.301	-152.119
131.000	2.000	1.000	248.402	0.990	1.652	146.476	171.206	964.419	58.165	-18.001	-131.735
131.000	3.000	1.000	259.172	0.960	2.265	215.770	208.278	969.015	78.364	-13.740	-93.025
131.000	4.000	1.000	269.423	0.800	1.370	267.970	234.710	963.499	85.336	-12.459	-83.592
131.000	5.000	1.000	279.954	0.709	2.623	346.860	259.213	966.515	15.725	-11.367	-75.355
131.000	6.000	1.000	286.808	0.766	1.252	255.372	329.902	966.298	117.591	-9.779	-62.983
131.000	7.000	1.000	288.823	0.791	1.152	258.572	336.350	967.271	94.575	-8.879	-54.993
131.000	8.000	1.000	286.621	0.770	2.663	218.554	322.498	967.315	73.649	-11.356	-74.784
131.000	9.000	1.000	282.254	0.828	1.044	147.261	308.549	966.827	61.886	-12.355	-80.296
131.000	10.000	1.000	275.468	0.947	0.307	111.963	268.027	966.498	65.879	-12.750	-86.045
131.000	11.000	1.000	258.281	0.923	1.226	92.143	207.489	963.971	36.476	-15.568	-108.224
131.000	12.000	1.000	252.249	0.990	0.628	71.314	200.125	963.486	75.996	-16.056	-116.917
132.000	1.000	1.000	248.608	0.990	1.230	101.102	173.327	965.007	24.694	-15.483	-111.883
132.000	2.000	1.000	254.035	0.990	2.225	140.900	196.549	967.518	46.926	-15.618	-112.731
132.000	3.000	1.000	258.530	0.990	1.604	215.926	204.540	967.538	46.287	-16.860	-123.834
132.000	4.000	1.000	273.892	0.793	0.780	247.103	261.039	964.221	58.585	-11.479	-77.004
132.000	5.000	1.000	279.505	0.721	2.065	277.022	276.243	965.985	96.821	-10.839	-70.694
132.000	6.000	1.000	288.857	0.713	1.480	313.012	320.163	964.106	71.040	-7.720	-47.347
132.000	7.000	1.000	289.583	0.743	1.043	281.228	333.095	964.942	61.424	-9.596	-62.176
132.000	8.000	1.000	287.162	0.782	1.773	199.641	332.321	968.184	77.650	-8.018	-48.076
132.000	9.000	1.000	282.152	0.819	0.485	182.885	286.916	968.071	69.972	-10.750	-71.009
132.000	10.000	1.000	272.401	0.915	1.080	133.981	245.110	967.131	46.204	-14.158	-97.566
132.000	11.000	1.000	260.510	0.980	1.928	86.618	223.066	964.924	63.624	-16.908	-121.779
132.000	12.000	1.000	252.144	0.989	2.146	78.539	191.136	968.329	74.816	-16.656	-119.870
133.000	1.000	1.000	246.177	0.990	1.545	98.833	170.283	968.060	43.720	-16.861	-120.943
133.000	2.000	1.000	253.234	0.990	2.194	145.025	193.374	969.582	45.797	-14.377	-100.988
133.000	3.000	1.000	261.387	0.891	2.126	206.471	219.537	965.018	64.312	-14.928	-102.452
133.000	4.000	1.000	272.171	0.828	1.284	240.173	262.388	964.936	117.401	-12.638	-84.333
133.000	5.000	1.000	278.948	0.769	2.801	298.279	274.172	966.215	79.886	-11.113	-72.804
133.000	6.000	1.000	288.806	0.697	1.355	317.637	323.890	966.857	71.071	-9.591	-59.834
133.000	7.000	1.000	288.179	0.745	0.929	258.211	329.920	965.705	74.128	-10.302	-66.772
133.000	8.000	1.000	287.017	0.760	0.926	222.536	323.640	966.953	83.678	-11.498	-76.134
133.000	9.000	1.000	279.858	0.784	0.964	183.313	279.115	968.550	71.870	-13.199	-89.129
133.000	10.000	1.000	274.231	0.868	2.447	106.779	266.780	969.324	72.652	-14.841	-100.637
133.000	11.000	1.000	257.611	0.990	1.811	88.045	207.275	965.954	58.634	-17.207	-121.695
133.000	12.000	1.000	254.358	0.990	1.119	71.734	203.936	966.965	110.191	-13.151	-90.637
134.000	1.000	1.000	250.644	0.990	1.658	98.947	184.714	967.758	45.636	-15.764	-113.147
134.000	2.000	1.000	249.725	0.990	2.665	146.152	178.334	966.818	48.156	-18.294	-132.568
134.000	3.000	1.000	260.963	0.912	1.133	219.392	209.293	968.293	62.949	-15.218	-107.450
134.000	4.000	1.000	270.067	0.831	1.662	270.719	237.112	965.167	63.698	-13.305	-91.157
134.000	5.000	1.000	279.757	0.725	2.080	292.161	276.470	967.446	48.433	-11.959	-80.911
134.000	6.000	1.000	287.003	0.724	0.719	284.544	316.949	966.706	72.161	-10.814	-71.468
134.000	7.000	1.000	290.003	0.757	1.441	268.467	340.123	968.039	76.117	-9.394	-60.298
134.000	8.000	1.000	288.902	0.767	1.616	213.389	335.375	969.438	47.553	-10.197	-66.103
134.000	9.000	1.000	281.795	0.798	0.519	183.923	284.921	970.144	37.201	-9.572	-62.116
134.000	10.000	1.000	269.857	0.891	1.766	129.702	233.632	970.294	62.982	-15.204	-104.423
134.000	11.000	1.000	254.300	0.990	1.949	93.273	192.876	968.174	51.398	-17.158	-122.919
134.000	12.000	1.000	243.275	0.990	1.687	85.368	155.380	965.948	22.542	-18.205	-131.347
135.000	1.000	1.000	247.032	0.969	2.589	95.816	178.299	969.869	53.040	-19.090	-138.991
135.000	2.000	1.000	251.718	0.990	0.840	148.134	182.705	965.346	62.347	-14.958	-106.636
135.000	3.000	1.000	266.865	0.908	2.120	204.985	228.362	967.997	32.718	-14.632	-104.600
135.000	4.000	1.000	271.758	0.790	2.292	287.794	230.320	963.444	56.161	-12.159	-80.704
135.000	5.000	1.000	285.692	0.762	1.284	274.107	305.168	964.328	68.734	-9.672	-61.960
135.000	6.000	1.000	286.881	0.757	2.069	263.448	327.193	967.175	68.298	-10.186	-66.157
135.000	7.000	1.000	289.608	0.723	1.521	303.036	325.584	965.465	50.748	-9.536	-62.460
135.000	8.000	1.000	286.736	0.739	0.907	236.381	315.852	967.197	46.838	-10.431	-68.094
135.000	9.000	1.000	284.251	0.779	0.414	180.886	300.721	966.848	50.991	-9.155	-57.912
135.000	10.000	1.000	274.191	0.935	0.398	116.862	264.095	966.598	58.375	-13.804	-94.320
135.000	11.000	1.000	263.312	0.991	2.679	76.069	236.378	966.394	102.942	-15.126	-107.859
135.000	12.000	1.000	250.466	0.990	2.453	80.415	185.643	967.870	55.161	-15.915	-113.286
136.000	1.000	1.000	247.312	0.990	1.452	100.259	174.145	967.306	47.935	-15.948	-113.829
136.000	2.000	1.000	249.586	0.984	2.772	149.751	173.716	966.760	63.112	-16.383	-115.977
136.000	3.000	1.000	258.870	0.990	1.509	220.689	201.963	967.431	59.358	-13.228	-89.877
136.000	4.000	1.000	273.843	0.806	0.698	242.590	265.102	964.786	83.138	-10.086	-64.895
136.000	5.000	1.000	279.828	0.797	0.889	280.202	282.435	966.670	59.581	-10.312	-68.044
136.000	6.000	1.000	286.120	0.713	1.592	307.633	308.041	969.146	32.436	-8.816	-56.229
136.000	7.000	1.000	288.895	0.730	1.815	286.012	326.782	966.596	33.865	-8.728	-54.931
136.000	8.000	1.000	285.332	0.764	2.296	207.026	319.298	968.543	81.179	-10.340	-65.151
136.000	9.000	1.000	282.770	0.839	1.020	147.344	309.623	969.324	140.882	-11.089	-71.453
136.000	10.000	1.000	273.964	0.794	2.547	120.936	262.874	966.459	76.043	-15.031	-103.442
136.000	11.000	1.000	257.113	0.990	1.650	92.477	203.746	967.433	60.188	-16.652	-117.982
136.000	12.000	1.000	245.725	0.990	2.064	83.976	162.013	967.971	18.153	-14.967	-105.408
137.000	1.000	1.000	245.308	0.975	2.483	106.234	158.526	968.622	15.137	-19.800	-146.814
137.000	2.000	1.000	252.020	0.993	1.825	147.047	185.494	966.924	47.744	-15.296	-106.416
137.000	3.000	1.000	257.283	0.990	1.998	225.849	193.804	966.702	49.477	-16.014	-113.050
137.000	4.000	1.000	271.993	0.792	0.755	256.325	245.494	965.962	48.492	-11.824	-75.956
137.000	5.000	1.000	282.960	0.707	1.661	284.257	290.471	963.592	89.765	-12.173	-83.656
137.000	6.000	1.000	287.950	0.754	0.956	257.561	332.512	968.618	65.967	-9.758	-63.235
137.000	7.000	1.000	289.056	0.679	2.230	310.004	317.026	967.577	25.418	-7.922	-49.090
137.000	8.000	1.000	288.200	0.756	1.090	227.288	327.923	966.988	39.891	-9.406	-60.921
137.000	9.000	1.000	281.303	0.790	1.020	157.928	296.709	969.244	113.487	-12.289	-79.941
137.000	10.000	1.000	275.551	0.821	0.943	114.477	262.130	970.726	26.784	-12.125	-81.643
137.000	11.000	1.000	259.865	0.982	1.196	94.337	209.046	962.647	38.519	-16.652	-115.368
137.000	12.000	1.000	254.237	0.990	1.260	77.031	196.690	968.364	80.156	-16.551	-117.109
138.000	1.000	1.000	250.237	0.990	1.726	96.296	188.176	969.353	46.953	-16.063	-115.021
138.000	2.000	1.000	255.681	0.990	1.937	142.572	200.813	967.444	40.978	-16.084	-116.579
138.000	3.000	1.000	260.658	0.990	1.367	208.465	214.827	967.696	126.264	-11.367	-75.823
138.000	4.000	1.000	270.345	0.797	1.905	282.493	235.402	965.702	57.044	-12.191	-80.794
138.000	5.000	1.000	285.189	0.710	1.136	296.665	297.561	964.605	58.454	-10.660	-70.104
138.000	6.000	1.000	286.502	0.683	1.874	337.621	298.956	968.143	38.745	-10.115	-67.549
138.000	7.000	1.000	289.086	0.684	1.905	280.361	325.919	967.099	21.060	-10.326	-68.588
138.000	8.000	1.000	286.421	0.761	1.611	240.807	310.113	969.777	44.219	-7.294	-43.868
138.000	9.000	1.000	280.869	0.812	1.373	165.406	296.619	970.435	99.744	-13.272	-88.497
138.000	10.000	1.000	268.430	0.852	1.902	133.218	242.916	969.535	71.375	-15.033	-102.750
138.000	11.000	1.000	258.732	0.990	0.970	90.480	210.788	969.138	52.782	-12.956	-88.210
138.000	12.000	1.000	250.919	0.990	2.175	80.290	184.720	968.015	41.613	-15.725	-113.459
139.000	1.000	1.000	246.760	0.990	1.612	99.589	170.943	965.456	48.757	-17.356	-125.917
139.000	2.000	1.000	260.159	0.990	2.596	126.454	225.319	967.932	95.434	-12.810	-88.107
139.000	3.000	1.000	262.070	0.990	1.232	195.042	222.263	969.724	109.477	-12.447	-84.808
139.000	4.000	1.000	270.735	0.788	1.890	282.858	236.649	965.187	72.890	-12.437	-85.649
139.000	5.000	1.000	280.284	0.769	1.681	328.130	268.849	965.824	44.692	-11.265	-74.204
139.000	6.000	1.000	286.418	0.700	1.465	302.871	310.642	965.826	66.746	-10.640	-69.174
139.000	7.000	1.000	289.686	0.686	1.389	311.511	320.996	969.942	24.908	-7.368	-45.934
139.000	8.000	1.000	287.525	0.746	1.241	208.561	328.371	967.844	50.108	-9.182	-57.380
139.000	9.000	1.000	279.176	0.774	0.566	189.147	273.087	968.387	46.831	-13.327	-89.132
139.000	10.000	1.000	275.198	0.823	1.939	113.898	268.326	970.451	60.763	-14.327	-98.635
139.000	11.000	1.000	259.145	0.991	2.270	84.277	219.167	971.738	108.052	-15.185	-106.190
139.000	12.000	1.000	246.469	0.990	1.147	79.802	176.735	966.745	45.693	-17.078	-124.134
140.000	1.000	1.000	251.322	0.990	2.238	94.738	190.489	968.713	94.747	-12.934	-89.452
140.000	2.000	1.000	251.044	0.990	2.342	149.770	177.833	966.889	26.263	-17.876	-131.636
140.000	3.000	1.000	261.887	0.990	1.214	213.735	215.993	967.924	92.526	-15.360	-105.673
140.000	4.000	1.000	272.416	0.770	0.881	256.768	255.139	967.798	77.507	-12.854	-86.772
140.000	5.000	1.000	278.321	0.733	2.537	277.131	284.880	968.331	105.022	-11.000	-72.245
140.000	6.000	1.000	286.180	0.720	1.190	320.957	305.364	968.794	34.980	-8.455	-51.540
140.000	7.000	1.000	290.874	0.656	1.976	304.661	330.862	967.954	28.408	-7.284	-44.452
140.000	8.000	1.000	288.274	0.784	0.354	206.370	332.966	969.149	85.917	-9.759	-63.177
140.000	9.000	1.000	283.632	0.795	0.497	162.073	308.273	970.350	40.716	-11.508	-76.663
140.000	10.000	1.000	277.610	0.799	1.088	110.889	279.790	967.890	75.558	-12.979	-88.582
140.000	11.000	1.000	265.018	0.990	2.207	79.880	240.856	968.383	89.953	-13.810	-95.565
140.000	12.000	1.000	252.770	0.990	1.802	76.532	196.903	972.155	102.187	-13.730	-95.115
141.000	1.000	1.000	251.516	0.990	1.547	90.792	197.028	970.032	73.785	-15.225	-108.817
141.000	2.000	1.000	249.611	0.990	2.595	160.638	162.089	965.885	16.764	-16.200	-115.448
141.000	3.000	1.000	260.227	0.990	1.743	224.677	198.421	968.045	32.983	-13.800	-94.328
141.000	4.000	1.000	269.950	0.806	1.859	283.438	228.177	968.277	52.848	-11.596	-75.743
141.000	5.000	1.000	283.089	0.741	0.787	286.601	290.770	964.514	81.605	-11.728	-78.009
141.000	6.000	1.000	287.767	0.739	1.707	262.069	326.508	970.600	34.477	-10.202	-67.091
141.000	7.000	1.000	290.296	0.755	0.393	263.131	341.276	967.082	54.426	-7.426	-45.188
141.000	8.000	1.000	288.399	0.755	0.612	233.824	323.914	967.977	56.877	-9.134	-59.144
141.000	9.000	1.000	282.423	0.773	0.694	147.384	305.854	970.202	54.195	-12.837	-86.661
141.000	10.000	1.000	275.817	0.840	1.233	116.306	260.134	966.070	46.519	-13.177	-90.439
141.000	11.000	1.000	260.978	0.990	0.662	86.137	218.792	966.767	64.958	-15.366	-107.629
141.000	12.000	1.000	254.511	0.990	1.813	74.422	203.805	969.309	82.139	-15.172	-108.295
142.000	1.000	1.000	244.658	0.990	1.599	103.573	160.932	968.987	56.269	-14.192	-99.486
142.000	2.000	1.000	252.947	0.996	2.400	149.296	185.320	966.710	32.232	-17.026	-121.570
142.000	3.000	1.000	260.424	0.990	1.147	211.170	208.686	968.239	35.925	-14.778	-103.598
142.000	4.000	1.000	269.239	0.774	1.566	269.364	236.974	964.597	68.202	-12.673	-84.647
142.000	5.000	1.000	279.030	0.714	2.446	313.011	267.082	968.056	18.310	-11.101	-71.735
142.000	6.000	1.000	287.288	0.718	1.077	272.293	327.983	967.674	70.254	-9.844	-61.131
142.000	7.000	1.000	289.051	0.731	1.281	282.370	328.252	967.730	80.658	-8.467	-52.592
142.000	8.000	1.000	285.063	0.721	1.790	233.015	311.377	970.378	93.151	-11.545	-74.715
142.000	9.000	1.000	279.780	0.746	1.871	179.867	281.243	972.248	42.539	-13.936	-93.778
142.000	10.000	1.000	272.106	0.944	0.274	116.532	252.747	971.089	55.503	-13.531	-93.329
142.000	11.000	1.000	267.209	0.990	1.285	79.996	247.168	970.392	127.139	-13.671	-95.465
142.000	12.000	1.000	249.617	0.952	1.588	78.081	183.520	968.087	34.015	-15.842	-111.121
143.000	1.000	1.000	246.711	0.990	2.081	99.847	173.540	971.933	41.133	-15.946	-114.853
143.000	2.000	1.000	250.904	0.990	2.142	152.735	174.153	971.477	19.123	-17.171	-125.450
143.000	3.000	1.000	264.999	0.946	1.377	206.221	222.772	967.392	46.074	-9.492	-58.770
143.000	4.000	1.000	270.587	0.797	2.107	271.337	237.356	966.709	45.844	-12.593	-84.655
143.000	5.000	1.000	283.040	0.698	1.255	307.016	282.772	966.135	54.065	-9.569	-60.834
143.000	6.000	1.000	287.173	0.661	1.647	343.171	301.844	968.289	26.444	-8.824	-57.958
143.000	7.000	1.000	288.457	0.680	1.907	300.220	318.295	967.782	40.340	-10.941	-73.313
143.000	8.000	1.000	286.121	0.757	0.981	219.928	320.088	970.311	84.361	-9.803	-62.200
143.000	9.000	1.000	284.283	0.814	0.296	149.571	316.783	970.393	130.524	-12.816	-86.458
143.000	10.000	1.000	270.726	0.824	2.673	114.343	254.372	972.840	80.274	-15.228	-104.736
143.000	11.000	1.000	262.122	0.990	1.420	81.167	230.337	968.732	84.145	-15.652	-108.717
143.000	12.000	1.000	249.466	0.990	2.741	82.496	178.686	971.386	40.420	-15.372	-109.587
144.000	1.000	1.000	254.576	0.990	1.218	90.434	205.251	969.078	103.344	-13.656	-95.169
144.000	2.000	1.000	256.700	0.990	2.241	141.303	203.589	970.433	63.894	-14.226	-99.165
144.000	3.000	1.000	254.917	0.990	1.120	222.939	190.800	965.149	62.331	-14.385	-100.454
144.000	4.000	1.000	271.803	0.847	1.339	238.704	259.273	965.593	129.921	-12.107	-78.786
144.000	5.000	1.000	278.183	0.723	1.537	289.147	275.981	966.535	40.000	-12.068	-81.080
144.000	6.000	1.000	287.250	0.735	1.341	312.255	317.932	966.240	70.447	-9.613	-62.547
144.000	7.000	1.000	289.716	0.753	1.259	236.570	346.789	968.258	87.393	-10.665	-70.311
144.000	8.000	1.000	289.082	0.787	0.450	188.432	348.087	971.354	111.845	-9.195	-59.298
144.000	9.000	1.000	283.141	0.794	0.311	175.292	296.875	968.598	70.597	-11.298	-73.839
144.000	10.000	1.000	267.669	0.921	2.071	127.147	242.102	969.727	62.827	-14.565	-100.327
144.000	11.000	1.000	262.452	0.990	1.650	93.005	221.019	967.404	44.719	-17.814	-128.694
144.000	12.000	1.000	248.074	0.990	1.374	80.712	172.735	968.939	26.692	-20.021	-148.703
145.000	1.000	1.000	241.527	0.990	1.692	105.654	149.478	970.483	32.622	-15.616	-111.607
145.000	2.000	1.000	255.473	0.990	1.667	140.741	196.166	966.882	37.929	-16.344	-116.443
145.000	3.000	1.000	260.814	0.990	1.734	206.325	209.716	972.030	83.949	-12.423	-88.197
145.000	4.000	1.000	272.952	0.826	1.748	248.665	252.285	968.761	89.396	-12.371	-84.270
145.000	5.000	1.000	280.023	0.662	2.247	301.439	274.299	967.311	83.786	-11.062	-72.242
145.000	6.000	1.000	285.969	0.680	2.183	328.041	301.034	971.085	60.360	-11.903	-78.691
145.000	7.000	1.000	288.959	0.680	1.773	299.845	323.033	967.557	32.466	-10.312	-66.229
145.000	8.000	1.000	286.287	0.753	1.276	219.918	319.261	970.349	48.460	-10.780	-70.649
145.000	9.000	1.000	281.059	0.725	0.771	191.120	279.849	969.147	48.771	-14.137	-96.910
145.000	10.000	1.000	273.105	0.808	-0.001	115.749	253.746	968.317	70.612	-13.827	-95.137
145.000	11.000	1.000	256.839	0.990	2.025	97.675	194.541	968.675	22.938	-15.807	-110.589
145.000	12.000	1.000	253.194	0.990	1.881	78.485	189.175	970.279	55.769	-14.632	-102.419
146.000	1.000	1.000	247.694	0.971	2.641	102.041	170.116	967.523	51.064	-16.645	-119.195
146.000	2.000	1.000	253.016	0.990	2.143	150.995	178.821	964.822	33.783	-18.060	-132.630
146.000	3.000	1.000	260.866	0.990	2.338	214.895	209.892	966.691	55.707	-12.788	-85.508
146.000	4.000	1.000	272.489	0.792	0.868	254.748	248.448	966.227	51.318	-11.654	-75.723
146.000	5.000	1.000	280.453	0.682	2.729	288.944	276.420	969.246	69.709	-10.005	-62.685
146.000	6.000	1.000	287.483	0.676	2.226	311.248	316.876	969.332	27.941	-10.912	-71.964
146.000	7.000	1.000	288.274	0.783	0.962	238.306	334.558	969.402	103.076	-8.449	-51.914
146.000	8.000	1.000	287.159	0.709	2.054	254.066	312.259	970.493	20.492	-10.446	-67.141
146.000	9.000	1.000	285.788	0.793	0.294	170.983	310.241	970.459	88.020	-10.390	-66.629
146.000	10.000	1.000	273.483	0.911	0.850	123.318	252.549	970.063	115.664	-14.444	-98.339
146.000	11.000	1.000	260.263	0.993	1.836	88.181	216.904	969.081	62.134	-15.486	-108.064
146.000	12.000	1.000	251.133	0.990	2.433	81.114	183.044	972.830	35.033	-15.717	-110.868
147.000	1.000	1.000	242.534	0.990	1.814	102.521	158.335	973.547	60.886	-15.509	-111.096
147.000	2.000	1.000	249.557	0.977	2.202	157.856	165.451	971.136	15.108	-18.174	-134.706
147.000	3.000	1.000	261.358	0.990	1.298	214.565	207.907	972.060	46.500	-13.506	-93.117
147.000	4.000	1.000	272.994	0.769	1.221	270.989	252.354	967.882	71.567	-13.706	-94.265
147.000	5.000	1.000	285.697	0.747	2.433	224.600	320.893	968.195	58.202	-10.098	-66.304
147.000	6.000	1.000	287.198	0.682	1.780	312.423	311.456	968.802	23.830	-8.669	-52.863
147.000	7.000	1.000	289.095	0.717	1.297	266.371	332.907	969.912	55.802	-8.984	-56.014
147.000	8.000	1.000	288.983	0.726	0.610	250.968	321.598	969.627	32.242	-7.548	-45.713
147.000	9.000	1.000	285.577	0.744	0.737	192.479	297.097	974.982	21.115	-8.652	-55.974
147.000	10.000	1.000	271.739	0.954	0.981	128.552	243.024	971.767	41.567	-14.151	-97.424
147.000	11.000	1.000	260.043	0.990	0.880	89.196	212.389	969.844	73.965	-14.364	-100.794
147.000	12.000	1.000	250.685	0.990	2.220	75.317	190.171	967.915	81.990	-14.363	-100.258
148.000	1.000	1.000	243.715	0.990	1.869	103.915	157.941	971.889	33.702	-18.079	-132.181
148.000	2.000	1.000	252.862	0.990	1.172	148.880	182.611	968.151	33.440	-13.730	-96.512
148.000	3.000	1.000	261.479	0.987	1.136	205.914	217.841	967.930	89.686	-13.504	-92.972
148.000	4.000	1.000	274.060	0.814	0.803	245.206	267.952	967.137	85.722	-12.444	-84.334
148.000	5.000	1.000	279.810	0.734	3.306	247.285	296.480	967.796	96.289	-11.839	-77.885
148.000	6.000	1.000	287.200	0.729	3.219	309.890	318.245	969.037	40.177	-9.943	-63.833
148.000	7.000	1.000	289.804	0.755	0.736	261.002	336.570	968.366	57.149	-8.283	-51.271
148.000	8.000	1.000	287.011	0.779	1.722	210.370	329.866	973.001	87.422	-10.785	-71.320
148.000	9.000	1.000	281.148	0.809	0.781	147.687	303.356	972.613	104.772	-12.615	-83.304
148.000	10.000	1.000	266.722	0.824	2.373	138.600	229.615	970.795	51.824	-16.499	-115.949
148.000	11.000	1.000	254.551	0.876	2.516	96.295	188.070	969.819	63.495	-16.452	-116.663
148.000	12.000	1.000	249.375	0.990	1.439	79.490	182.331	971.470	51.329	-16.212	-115.251
149.000	1.000	1.000	251.990	0.992	2.097	94.885	189.587	975.441	47.050	-19.663	-146.042
149.000	2.000	1.000	248.242	0.990	2.254	147.108	176.822	970.110	56.692	-15.847	-111.231
149.000	3.000	1.000	260.871	0.990	1.289	202.458	212.699	969.231	70.638	-12.328	-82.798
149.000	4.000	1.000	272.592	0.765	2.006	269.729	244.797	970.298	75.322	-10.727	-69.048
149.000	5.000	1.000	279.784	0.707	2.179	290.764	277.498	970.660	70.972	-11.782	-77.957
149.000	6.000	1.000	286.572	0.717	2.014	286.766	318.715	970.023	71.470	-10.387	-67.661
149.000	7.000	1.000	289.044	0.700	1.846	306.444	320.122	969.406	41.458	-9.809	-62.549
149.000	8.000	1.000	286.748	0.727	1.276	226.170	318.323	973.250	46.867	-10.130	-63.782
149.000	9.000	1.000	283.398	0.810	0.530	167.665	302.314	971.608	82.651	-11.869	-78.406
149.000	10.000	1.000	273.335	0.848	2.285	112.373	261.510	972.094	56.352	-15.881	-112.942
149.000	11.000	1.000	257.693	0.990	1.372	89.641	209.841	971.153	76.303	-14.986	-105.004
149.000	12.000	1.000	257.521	0.990	1.943	68.454	220.088	972.158	124.241	-12.866	-89.881
150.000	1.000	1.000	254.903	0.990	2.600	89.090	208.241	968.976	85.898	-16.109	-117.028
150.000	2.000	1.000	249.802	0.990	2.180	152.749	171.867	966.677	28.202	-17.024	-122.443
150.000	3.000	1.000	254.421	0.869	1.726	237.418	171.798	970.649	22.953	-16.852	-124.450
150.000	4.000	1.000	270.007	0.743	1.786	288.414	230.920	967.359	33.643	-12.055	-81.288
150.000	5.000	1.000	278.161	0.670	2.933	321.679	260.271	970.069	12.872	-11.691	-77.473
150.000	6.000	1.000	284.890	0.694	2.335	328.248	298.658	970.780	49.366	-11.362	-74.101
150.000	7.000	1.000	289.814	0.721	0.675	287.053	332.012	969.930	84.551	-10.660	-69.793
150.000	8.000	1.000	285.970	0.721	1.338	244.192	309.379	970.306	90.723	-12.649	-84.327
150.000	9.000	1.000	284.119	0.804	0.055	183.470	298.059	971.502	38.157	-13.216	-93.148
150.000	10.000	1.000	267.278	0.802	2.412	132.413	232.734	971.827	42.080	-17.587	-124.062
150.000	11.000	1.000	260.725	0.990	1.055	82.310	220.154	968.561	76.407	-14.391	-100.347
150.000	12.000	1.000	253.938	0.990	2.479	77.521	194.615	972.497	43.041	-16.031	-113.514
151.000	1.000	1.000	249.809	0.990	1.686	96.560	182.839	967.874	85.775	-16.734	-119.882
151.000	2.000	1.000	251.480	0.990	2.528	148.385	182.538	972.197	44.351	-16.594	-120.889
151.000	3.000	1.000	259.265	0.995	1.724	222.590	197.688	967.678	56.159	-13.097	-88.646
151.000	4.000	1.000	271.850	0.802	0.924	272.287	245.067	969.721	63.430	-11.730	-76.923
151.000	5.000	1.000	281.350	0.741	1.905	280.744	286.577	970.211	96.352	-9.975	-64.047
151.000	6.000	1.000	286.138	0.712	2.618	295.922	312.011	970.350	29.477	-10.137	-64.081
151.000	7.000	1.000	289.389	0.689	1.495	297.618	325.371	971.327	48.204	-8.074	-50.714
151.000	8.000	1.000	287.202	0.748	1.822	225.846	322.200	972.083	37.216	-9.742	-61.795
151.000	9.000	1.000	285.059	0.835	0.966	146.303	317.515	971.934	113.410	-11.613	-77.595
151.000	10.000	1.000	276.421	0.824	0.925	109.732	272.626	971.516	44.216	-13.080	-88.183
151.000	11.000	1.000	259.736	0.990	2.313	100.276	198.283	973.133	24.108	-17.998	-134.396
151.000	12.000	1.000	253.943	0.990	2.003	74.951	196.423	970.618	44.086	-17.233	-124.208
152.000	1.000	1.000	249.758	0.976	2.079	99.471	177.021	967.390	43.551	-17.621	-128.297
152.000	2.000	1.000	250.579	0.990	2.327	158.441	169.845	967.419	64.894	-15.406	-106.981
152.000	3.000	1.000	261.517	0.990	0.708	202.367	218.797	970.880	76.489	-13.312	-90.222
152.000	4.000	1.000	274.925	0.804	1.081	238.598	264.963	970.659	107.445	-10.800	-69.683
152.000	5.000	1.000	280.212	0.739	2.568	290.462	278.232	972.035	107.687	-10.794	-68.954
152.000	6.000	1.000	286.256	0.726	2.085	302.479	312.052	971.218	68.950	-11.101	-71.822
152.000	7.000	1.000	289.084	0.710	1.611	291.741	327.028	969.005	47.843	-9.453	-59.116
152.000	8.000	1.000	286.795	0.788	1.862	193.381	333.224	971.207	107.238	-12.618	-84.150
152.000	9.000	1.000	281.714	0.779	0.954	178.002	291.737	973.067	60.821	-13.183	-87.900
152.000	10.000	1.000	275.009	0.825	0.734	118.764	262.365	972.478	79.739	-13.779	-90.977
152.000	11.000	1.000	257.386	0.990	2.519	90.885	204.181	966.676	86.907	-15.467	-106.774
152.000	12.000	1.000	260.615	0.990	1.344	57.476	244.780	971.913	100.032	-12.486	-86.477
153.000	1.000	1.000	255.967	0.990	0.790	87.848	210.602	969.971	71.157	-14.564	-102.459
153.000	2.000	1.000	252.916	0.990	2.794	153.225	177.954	968.017	80.737	-12.175	-83.819
153.000	3.000	1.000	256.492	0.896	2.708	242.465	177.920	970.232	13.945	-14.914	-105.531
153.000	4.000	1.000	269.374	0.798	1.994	293.989	225.506	969.741	35.799	-15.287	-108.084
153.000	5.000	1.000	281.447	0.672	2.156	311.529	277.313	969.891	46.108	-10.907	-70.520
153.000	6.000	1.000	286.944	0.753	1.821	265.943	324.639	969.062	109.104	-9.553	-60.440
153.000	7.000	1.000	288.546	0.731	1.379	269.638	328.009	970.096	60.443	-9.587	-61.054
153.000	8.000	1.000	287.195	0.739	1.407	245.707	317.645	970.936	56.137	-10.275	-65.706
153.000	9.000	1.000	281.918	0.804	1.096	162.241	296.926	969.289	49.777	-12.909	-86.282
153.000	10.000	1.000	267.132	0.867	1.663	130.348	227.947	969.539	74.679	-14.293	-98.709
153.000	11.000	1.000	259.412	0.990	1.714	90.797	208.837	972.163	27.161	-15.739	-108.966
153.000	12.000	1.000	251.779	0.940	1.257	80.753	184.533	973.475	29.624	-15.173	-110.358
154.000	1.000	1.000	251.191	0.990	2.637	101.331	183.093	970.728	64.931	-14.628	-105.045
154.000	2.000	1.000	253.596	0.990	1.982	147.066	183.198	969.838	18.342	-17.404	-126.990
154.000	3.000	1.000	260.567	0.990	1.886	218.046	207.493	969.286	41.466	-14.694	-103.411
154.000	4.000	1.000	275.025	0.702	1.730	254.757	255.228	967.687	69.844	-14.584	-102.000
154.000	5.000	1.000	280.781	0.697	2.187	302.703	274.912	968.664	28.342	-9.997	-64.496
154.000	6.000	1.000	287.641	0.703	1.321	302.438	319.704	971.715	62.127	-10.167	-66.079
154.000	7.000	1.000	288.820	0.715	2.071	259.850	332.204	970.694	50.302	-9.831	-62.005
154.000	8.000	1.000	288.159	0.710	1.052	261.597	314.380	971.579	16.251	-8.155	-50.451
154.000	9.000	1.000	282.530	0.767	0.757	167.038	296.739	972.308	42.402	-11.982	-79.826
154.000	10.000	1.000	272.352	0.844	1.576	121.524	252.143	974.477	35.917	-14.200	-97.153
154.000	11.000	1.000	262.499	0.988	2.858	82.830	221.275	970.241	48.918	-14.718	-104.727
154.000	12.000	1.000	247.818	0.990	2.513	85.658	168.487	969.930	28.058	-17.175	-124.195
155.000	1.000	1.000	247.486	0.990	1.764	98.065	175.010	973.636	55.601	-15.746	-111.590
155.000	2.000	1.000	255.849	0.990	1.422	140.330	201.157	974.250	27.307	-14.543	-103.006
155.000	3.000	1.000	263.176	0.916	0.994	204.600	220.656	973.475	32.871	-12.724	-84.737
155.000	4.000	1.000	274.579	0.755	1.064	245.252	261.881	968.656	89.279	-12.940	-87.274
155.000	5.000	1.000	281.131	0.682	2.284	310.341	275.178	969.712	66.184	-11.742	-77.147
155.000	6.000	1.000	286.863	0.701	2.214	319.380	310.705	969.660	84.696	-11.396	-74.877
155.000	7.000	1.000	289.866	0.726	0.766	287.290	331.492	969.596	57.448	-8.826	-55.553
155.000	8.000	1.000	286.055	0.725	1.623	240.622	309.066	971.335	15.968	-7.772	-47.057
155.000	9.000	1.000	281.287	0.811	1.356	176.331	287.972	971.762	101.768	-13.349	-89.793
155.000	10.000	1.000	273.983	0.865	2.576	110.655	264.543	968.694	55.756	-16.212	-116.475
155.000	11.000	1.000	259.723	0.990	2.450	91.933	212.782	969.308	53.372	-15.577	-109.015
155.000	12.000	1.000	248.507	0.990	1.703	80.290	175.840	969.283	62.941	-15.867	-113.888
156.000	1.000	1.000	249.634	0.990	1.389	99.198	179.837	970.796	50.473	-16.887	-119.599
156.000	2.000	1.000	250.603	0.986	3.502	152.115	173.964	964.182	44.645	-17.576	-123.892
156.000	3.000	1.000	256.767	0.852	2.597	234.988	185.426	966.833	35.924	-14.908	-105.463
156.000	4.000	1.000	271.616	0.801	0.840	248.359	253.117	969.276	110.088	-12.184	-81.478
156.000	5.000	1.000	280.030	0.707	2.114	293.206	280.463	969.672	71.627	-11.392	-74.972
156.000	6.000	1.000	287.774	0.733	1.708	310.857	318.192	969.393	75.219	-8.899	-55.529
156.000	7.000	1.000	290.231	0.768	0.611	270.748	341.109	970.654	69.118	-9.028	-57.437
156.000	8.000	1.000	286.368	0.777	1.381	195.715	327.448	972.066	40.179	-10.001	-64.251
156.000	9.000	1.000	283.779	0.892	0.792	133.394	321.427	972.555	217.647	-12.169	-81.297
156.000	10.000	1.000	274.336	0.805	1.096	137.753	249.958	973.552	29.900	-15.906	-111.492
156.000	11.000	1.000	257.035	0.990	1.915	89.957	205.244	972.618	44.964	-14.808	-101.713
156.000	12.000	1.000	255.324	0.990	1.875	70.188	210.809	972.007	89.184	-16.090	-115.015
157.000	1.000	1.000	251.386	0.990	0.378	86.438	199.162	969.919	50.576	-15.939	-114.091
157.000	2.000	1.000	249.980	0.990	1.082	151.213	174.240	971.391	28.708	-21.984	-168.729
157.000	3.000	1.000	260.747	0.954	2.273	206.861	211.504	969.177	67.803	-15.616	-111.845
157.000	4.000	1.000	269.926	0.826	1.370	265.302	244.443	968.702	120.632	-10.505	-67.656
157.000	5.000	1.000	279.896	0.776	1.808	268.361	285.770	970.181	55.173	-10.954	-69.041
157.000	6.000	1.000	290.678	0.763	1.141	258.775	350.561	969.307	85.867	-7.394	-45.070
157.000	7.000	1.000	288.526	0.717	1.914	293.347	318.815	968.340	53.784	-9.240	-60.589
157.000	8.000	1.000	287.469	0.765	0.468	214.908	327.756	970.524	70.995	-10.553	-67.668
157.000	9.000	1.000	283.451	0.785	1.528	189.775	292.062	971.615	78.224	-12.407	-84.378
157.000	10.000	1.000	274.822	0.840	0.987	124.083	259.643	970.024	58.238	-14.808	-100.896
157.000	11.000	1.000	257.848	0.991	2.307	92.427	201.905	971.413	29.724	-18.732	-136.536
157.000	12.000	1.000	255.154	0.990	1.098	75.833	201.614	972.901	37.917	-15.318	-108.736
158.000	1.000	1.000	248.797	0.990	2.620	98.443	175.812	972.481	47.670	-16.186	-116.781
158.000	2.000	1.000	257.196	0.990	1.331	123.835	217.794	970.945	101.490	-15.546	-111.813
158.000	3.000	1.000	262.090	0.990	1.447	203.522	217.486	970.651	82.219	-13.707	-94.164
158.000	4.000	1.000	272.314	0.769	1.423	280.908	243.025	971.448	87.636	-13.941	-97.840
158.000	5.000	1.000	281.229	0.655	2.178	326.560	272.639	969.509	20.418	-9.796	-61.553
158.000	6.000	1.000	288.844	0.705	1.237	290.741	326.086	969.968	67.737	-10.443	-67.592
158.000	7.000	1.000	289.526	0.737	1.095	260.697	338.572	967.662	51.968	-9.721	-62.284
158.000	8.000	1.000	287.804	0.790	1.389	202.198	335.095	971.111	96.721	-10.513	-68.006
158.000	9.000	1.000	281.412	0.799	0.664	165.116	292.792	973.196	78.078	-11.785	-77.563
158.000	10.000	1.000	273.623	0.906	1.155	115.163	263.002	971.436	80.871	-13.945	-95.979
158.000	11.000	1.000	258.076	0.888	0.740	92.423	206.020	971.513	57.521	-17.615	-127.511
158.000	12.000	1.000	247.723	0.990	2.357	83.316	169.893	972.787	18.475	-14.437	-100.449
159.000	1.000	1.000	247.995	0.990	1.561	99.331	177.598	975.927	39.882	-17.177	-124.800
159.000	2.000	1.000	255.117	0.990	2.277	146.536	193.155	970.987	22.546	-15.996	-114.188
159.000	3.000	1.000	261.448	0.961	1.443	208.948	216.444	969.120	82.106	-15.649	-112.830
159.000	4.000	1.000	266.839	0.765	2.035	305.055	215.019	968.125	27.662	-15.183	-107.117
159.000	5.000	1.000	281.631	0.689	1.444	304.882	283.989	969.540	36.693	-11.752	-78.667
159.000	6.000	1.000	288.642	0.660	1.653	340.784	311.635	971.035	29.622	-8.881	-58.878
159.000	7.000	1.000	291.208	0.776	0.858	231.687	355.444	968.134	76.400	-7.729	-47.450
159.000	8.000	1.000	288.620	0.758	0.452	234.704	327.601	970.757	84.991	-9.018	-57.571
159.000	9.000	1.000	281.489	0.775	0.569	173.023	293.643	970.598	96.590	-13.918	-93.994
159.000	10.000	1.000	272.903	0.818	1.389	130.249	246.585	972.770	56.284	-15.562	-108.468
159.000	11.000	1.000	263.553	0.965	0.428	80.590	229.813	972.471	63.078	-15.292	-105.675
159.000	12.000	1.000	254.676	0.990	1.498	79.144	198.229	972.074	51.226	-14.878	-103.687
160.000	1.000	1.000	248.040	0.990	1.942	99.745	172.302	971.060	43.723	-16.783	-121.191
160.000	2.000	1.000	250.506	0.990	0.787	145.103	184.810	969.127	85.362	-14.869	-104.428
160.000	3.000	1.000	259.240	0.990	1.784	209.473	204.958	971.370	30.896	-12.713	-86.858
160.000	4.000	1.000	269.853	0.845	2.477	300.239	225.514	968.667	12.066	-11.143	-74.351
160.000	5.000	1.000	285.009	0.684	1.346	329.673	288.341	972.879	27.583	-9.125	-59.465
160.000	6.000	1.000	289.155	0.757	1.168	272.045	335.952	968.744	77.252	-8.584	-54.573
160.000	7.000	1.000	287.562	0.690	1.925	283.272	317.646	970.408	47.246	-9.208	-58.601
160.000	8.000	1.000	288.758	0.788	0.724	240.432	326.303	968.429	72.176	-6.274	-37.196
160.000	9.000	1.000	281.756	0.785	0.163	182.761	283.109	975.136	40.591	-12.029	-80.306
160.000	10.000	1.000	276.372	0.859	0.936	106.727	278.319	971.147	81.069	-13.647	-92.581
160.000	11.000	1.000	261.888	0.939	1.538	92.298	211.175	970.973	34.032	-16.259	-114.841
160.000	12.000	1.000	248.525	0.907	1.590	88.190	166.096	972.133	16.784	-17.939	-130.198
161.000	1.000	1.000	246.789	0.990	0.794	98.427	170.357	975.076	66.980	-14.318	-100.171
161.000	2.000	1.000	252.053	0.990	0.912	145.366	185.310	971.167	79.147	-15.061	-105.713
161.000	3.000	1.000	260.716	0.933	1.616	216.561	206.350	967.594	61.877	-12.784	-86.144
161.000	4.000	1.000	271.142	0.817	1.531	249.740	256.837	969.698	96.273	-11.819	-77.500
161.000	5.000	1.000	280.693	0.771	2.370	237.050	298.160	966.710	75.846	-11.991	-81.692
161.000	6.000	1.000	285.082	0.696	1.614	296.940	303.791	969.558	60.996	-11.807	-77.387
161.000	7.000	1.000	290.319	0.755	1.407	263.116	346.229	968.833	59.460	-8.041	-50.178
161.000	8.000	1.000	287.164	0.733	1.327	254.436	309.680	970.078	30.936	-8.217	-52.428
161.000	9.000	1.000	280.903	0.812	1.032	153.151	299.955	971.708	101.481	-13.584	-90.849
161.000	10.000	1.000	271.631	0.850	1.938	128.310	246.019	969.452	34.343	-13.131	-88.053
161.000	11.000	1.000	255.828	0.990	1.102	93.865	197.610	971.245	42.767	-16.564	-117.664
161.000	12.000	1.000	245.539	0.990	2.486	84.537	161.156	970.244	30.048	-17.910	-131.678
162.000	1.000	1.000	245.666	0.990	3.065	104.928	161.763	969.949	26.801	-19.679	-145.770
162.000	2.000	1.000	251.706	0.955	2.683	159.641	172.496	967.146	10.742	-17.575	-129.319
162.000	3.000	1.000	259.617	0.969	2.424	222.576	198.980	968.654	56.133	-14.381	-100.582
162.000	4.000	1.000	273.076	0.816	1.923	243.355	259.220	964.811	91.812	-14.247	-98.411
162.000	5.000	1.000	282.275	0.691	1.916	299.091	283.472	967.679	42.313	-10.634	-70.142
162.000	6.000	1.000	288.545	0.666	1.226	326.626	314.509	970.790	50.586	-9.070	-58.141
162.000	7.000	1.000	290.717	0.702	1.311	288.027	333.415	971.086	25.472	-7.142	-43.911
162.000	8.000	1.000	289.119	0.729	0.154	237.123	328.807	971.610	67.427	-9.051	-57.176
162.000	9.000	1.000	281.451	0.760	0.632	192.842	285.748	972.104	36.606	-12.032	-79.230
162.000	10.000	1.000	274.102	0.782	1.370	129.155	252.725	973.670	24.574	-14.828	-104.321
162.000	11.000	1.000	262.827	0.945	2.099	80.766	227.742	969.184	34.881	-15.995	-113.477
162.000	12.000	1.000	248.730	0.954	2.976	84.619	169.033	968.664	29.809	-17.370	-125.681
163.000	1.000	1.000	250.556	0.990	0.962	96.237	185.684	968.792	63.109	-14.180	-100.840
163.000	2.000	1.000	251.349	0.990	2.619	149.111	179.189	971.084	22.861	-18.065	-132.154
163.000	3.000	1.000	259.244	0.934	1.792	217.924	199.841	969.863	55.696	-15.808	-110.704
163.000	4.000	1.000	271.368	0.845	1.986	234.871	258.125	966.262	121.624	-11.897	-77.234
163.000	5.000	1.000	280.957	0.740	1.035	264.647	289.558	968.732	49.474	-11.251	-73.846
163.000	6.000	1.000	290.194	0.725	0.480	296.261	335.824	969.358	98.229	-9.075	-58.092
163.000	7.000	1.000	287.568	0.698	2.051	290.460	315.666	969.214	44.821	-12.078	-81.395
163.000	8.000	1.000	288.879	0.753	0.468	231.937	330.601	971.156	33.095	-8.184	-51.189
163.000	9.000	1.000	280.607	0.804	0.288	154.137	290.629	972.052	114.905	-13.039	-88.106
163.000	10.000	1.000	273.765	0.867	1.485	115.975	258.850	973.199	58.395	-16.813	-117.877
163.000	11.000	1.000	262.860	0.896	1.852	92.184	213.424	968.079	16.925	-15.698	-111.802
163.000	12.000	1.000	249.375	0.990	2.923	84.260	168.191	968.722	27.762	-16.413	-115.504
164.000	1.000	1.000	246.689	0.990	1.411	98.893	168.075	970.068	51.339	-16.339	-117.789
164.000	2.000	1.000	253.877	0.990	0.681	143.173	194.691	973.971	42.261	-15.037	-105.755
164.000	3.000	1.000	263.255	0.962	2.623	211.673	211.815	968.746	63.782	-13.013	-87.524
164.000	4.000	1.000	275.389	0.755	1.384	229.088	261.993	967.646	69.273	-11.746	-78.224
164.000	5.000	1.000	281.180	0.722	1.585	232.725	298.327	964.317	51.438	-12.810	-89.395
164.000	6.000	1.000	288.144	0.679	1.718	334.594	312.420	967.891	38.273	-7.560	-47.075
164.000	7.000	1.000	288.751	0.699	1.945	284.333	325.688	969.587	29.734	-11.435	-76.817
164.000	8.000	1.000	289.181	0.704	0.609	253.164	324.713	970.014	41.721	-8.757	-56.133
164.000	9.000	1.000	283.574	0.787	0.540	180.826	296.700	973.255	27.103	-9.413	-60.471
164.000	10.000	1.000	270.616	0.811	1.252	127.533	241.266	971.238	31.000	-14.057	-96.857
164.000	11.000	1.000	261.438	0.958	2.668	93.828	207.276	969.810	24.620	-15.848	-112.537
164.000	12.000	1.000	250.334	0.990	2.455	80.645	181.771	972.422	49.691	-16.745	-121.131
165.000	1.000	1.000	251.541	0.990	0.769	92.457	191.403	971.535	62.687	-15.148	-106.048
165.000	2.000	1.000	251.313	0.990	1.621	140.260	184.117	970.909	47.436	-15.274	-108.242
165.000	3.000	1.000	265.673	0.936	1.063	205.064	233.126	967.897	71.054	-13.787	-95.931
165.000	4.000	1.000	270.754	0.752	2.467	292.039	225.908	969.297	14.042	-11.832	-77.948
165.000	5.000	1.000	280.659	0.735	2.199	256.640	288.179	967.330	29.253	-11.190	-75.289
165.000	6.000	1.000	288.375	0.746	2.181	264.870	334.093	970.733	59.189	-10.063	-66.392
165.000	7.000	1.000	290.628	0.711	1.236	279.887	337.744	968.088	41.221	-8.941	-56.331
165.000	8.000	1.000	286.585	0.652	1.580	265.279	299.978	971.293	23.033	-8.742	-56.346
165.000	9.000	1.000	283.453	0.809	1.700	150.256	311.922	968.893	55.425	-11.985	-80.310
165.000	10.000	1.000	270.533	0.864	2.860	115.355	247.946	969.015	48.020	-15.626	-110.222
165.000	11.000	1.000	262.132	0.929	0.903	83.389	219.215	970.511	25.427	-15.748	-112.862
165.000	12.000	1.000	250.913	0.990	2.275	81.628	181.272	971.983	37.055	-13.802	-96.340
166.000	1.000	1.000	254.563	0.990	1.300	93.380	202.532	974.132	56.314	-15.369	-110.050
166.000	2.000	1.000	246.642	0.990	2.035	158.495	159.473	974.358	32.430	-16.164	-115.205
166.000	3.000	1.000	258.957	0.990	2.012	217.070	201.553	971.309	27.255	-14.959	-106.564
166.000	4.000	1.000	272.492	0.660	2.801	297.967	230.388	969.224	15.995	-12.233	-83.024
166.000	5.000	1.000	281.561	0.730	1.663	280.077	287.941	968.600	80.256	-11.679	-76.983
166.000	6.000	1.000	288.263	0.739	1.249	293.884	327.064	968.330	111.356	-10.551	-69.250
166.000	7.000	1.000	289.423	0.724	1.003	270.404	332.143	969.415	48.588	-9.681	-63.563
166.000	8.000	1.000	287.437	0.790	0.910	202.234	333.088	971.330	71.302	-10.743	-69.766
166.000	9.000	1.000	281.268	0.817	1.423	132.246	308.319	973.498	100.721	-12.599	-83.416
166.000	10.000	1.000	272.739	0.884	1.167	108.483	263.115	971.142	89.552	-13.686	-92.312
166.000	11.000	1.000	256.530	0.980	1.612	94.062	195.912	970.879	50.447	-16.049	-114.257
166.000	12.000	1.000	256.588	0.990	1.179	64.481	216.085	970.858	76.766	-15.982	-114.504
167.000	1.000	1.000	249.468	0.990	1.085	95.507	184.211	970.917	34.312	-15.200	-107.721
167.000	2.000	1.000	260.385	0.990	2.277	126.866	218.329	966.833	43.045	-15.674	-108.967
167.000	3.000	1.000	263.572	0.786	1.932	221.168	207.881	974.360	48.871	-16.229	-112.884
167.000	4.000	1.000	274.367	0.730	2.151	264.476	250.503	969.571	51.235	-12.587	-84.541
167.000	5.000	1.000	282.432	0.771	1.641	255.015	302.091	969.836	64.413	-10.211	-63.822
167.000	6.000	1.000	285.539	0.690	1.886	327.482	300.967	972.099	29.245	-9.776	-61.812
167.000	7.000	1.000	290.552	0.673	0.777	308.954	327.439	968.620	38.051	-8.655	-54.308
167.000	8.000	1.000	289.000	0.776	0.605	232.688	334.812	970.026	82.322	-9.723	-63.528
167.000	9.000	1.000	283.692	0.831	0.846	138.020	317.282	972.319	94.502	-10.837	-71.594
167.000	10.000	1.000	271.855	0.860	1.547	117.412	253.937	974.328	56.119	-12.040	-79.338
167.000	11.000	1.000	260.099	0.990	2.446	81.101	215.730	968.843	58.862	-16.553	-118.458
167.000	12.000	1.000	248.430	0.990	1.091	79.457	181.256	971.596	87.188	-14.590	-103.324
168.000	1.000	1.000	250.484	0.990	1.700	103.238	178.001	973.387	28.239	-18.512	-133.787
168.000	2.000	1.000	254.765	0.990	1.473	140.051	196.685	968.564	64.799	-13.653	-96.036
168.000	3.000	1.000	263.470	0.990	0.852	192.005	228.006	972.959	72.019	-12.812	-86.896
168.000	4.000	1.000	271.072	0.774	2.024	257.579	247.711	971.351	95.687	-12.440	-82.704
168.000	5.000	1.000	282.426	0.777	1.558	246.576	304.907	966.510	145.381	-11.107	-71.952
168.000	6.000	1.000	286.821	0.748	1.235	252.402	326.297	970.560	85.625	-11.839	-78.496
168.000	7.000	1.000	290.738	0.740	1.109	292.211	336.408	967.666	79.246	-8.988	-57.037
168.000	8.000	1.000	287.558	0.773	0.892	225.424	324.048	968.357	101.464	-11.882	-79.114
168.000	9.000	1.000	280.825	0.779	0.975	187.864	279.860	973.831	29.545	-10.864	-69.805
168.000	10.000	1.000	271.637	0.940	1.679	127.513	249.634	968.466	41.353	-13.453	-91.404
168.000	11.000	1.000	264.819	0.990	0.452	81.815	234.361	972.889	71.837	-15.617	-110.335
168.000	12.000	1.000	248.115	0.990	1.767	79.648	177.192	973.430	49.296	-15.004	-106.107
169.000	1.000	1.000	245.400	0.992	2.605	108.039	156.391	971.276	14.857	-18.192	-133.098
169.000	2.000	1.000	247.461	0.990	2.654	157.208	160.547	970.496	20.373	-14.408	-99.764
169.000	3.000	1.000	258.394	0.908	2.944	237.655	185.458	967.399	18.713	-18.160	-134.599
169.000	4.000	1.000	275.219	0.752	1.575	245.763	261.367	968.845	80.796	-9.296	-58.344
169.000	5.000	1.000	280.596	0.705	2.343	301.476	278.336	969.746	45.437	-9.601	-60.728
169.000	6.000	1.000	286.928	0.724	2.415	276.410	325.589	969.942	33.458	-10.267	-66.405
169.000	7.000	1.000	289.347	0.686	1.675	300.739	323.098	970.326	34.038	-10.573	-69.387
169.000	8.000	1.000	286.213	0.716	1.810	246.960	310.125	971.402	42.630	-10.962	-71.416
169.000	9.000	1.000	279.720	0.782	1.280	165.630	286.120	973.687	64.042	-14.357	-96.630
169.000	10.000	1.000	272.108	0.844	1.106	123.427	254.186	973.549	61.178	-15.263	-104.678
169.000	11.000	1.000	256.737	0.990	1.618	94.473	195.843	973.554	26.931	-19.026	-137.817
169.000	12.000	1.000	247.744	0.990	1.411	81.506	173.574	975.308	30.406	-17.736	-128.278
170.000	1.000	1.000	246.792	0.990	2.643	103.757	167.103	966.896	21.995	-17.637	-130.732
170.000	2.000	1.000	253.001	0.974	3.202	157.913	177.563	970.207	18.628	-16.894	-125.438
170.000	3.000	1.000	260.399	0.944	2.968	220.963	200.431	970.481	32.257	-14.559	-100.472
170.000	4.000	1.000	271.699	0.701	2.345	267.685	242.324	964.781	48.014	-12.019	-81.682
170.000	5.000	1.000	280.880	0.708	1.587	261.477	290.494	970.109	90.296	-11.456	-76.394
170.000	6.000	1.000	286.003	0.689	1.799	292.972	313.972	970.113	34.069	-11.562	-77.356
170.000	7.000	1.000	290.017	0.652	1.453	309.257	322.474	970.132	31.212	-7.961	-49.070
170.000	8.000	1.000	288.137	0.734	1.208	237.371	323.401	968.828	45.364	-9.821	-63.009
170.000	9.000	1.000	280.068	0.810	1.066	170.430	287.182	972.788	55.061	-14.193	-97.711
170.000	10.000	1.000	271.697	0.973	1.338	120.922	255.032	970.082	79.519	-16.109	-114.398
170.000	11.000	1.000	257.332	0.990	0.897	91.316	208.796	972.414	57.816	-17.089	-123.523
170.000	12.000	1.000	251.889	0.990	3.017	82.748	183.595	970.830	31.736	-15.790	-114.606
171.000	1.000	1.000	250.566	0.990	1.540	93.543	189.982	970.534	63.202	-16.964	-123.598
171.000	2.000	1.000	251.329	0.990	2.631	151.072	179.241	971.533	19.533	-17.096	-126.439
171.000	3.000	1.000	261.472	0.990	1.992	201.017	213.323	969.964	83.891	-12.215	-82.974
171.000	4.000	1.000	268.341	0.750	2.528	309.756	216.348	970.606	17.772	-14.627	-101.376
171.000	5.000	1.000	283.743	0.742	0.569	271.916	300.123	967.897	76.721	-10.414	-68.327
171.000	6.000	1.000	288.652	0.725	1.665	299.718	324.415	972.149	67.118	-8.040	-50.071
171.000	7.000	1.000	289.901	0.715	1.479	296.996	328.654	969.128	57.406	-9.429	-59.952
171.000	8.000	1.000	287.408	0.735	1.303	217.456	326.078	970.254	65.504	-9.695	-61.540
171.000	9.000	1.000	282.117	0.778	1.597	170.703	291.873	972.078	79.826	-12.492	-83.377
171.000	10.000	1.000	269.892	0.884	1.040	117.229	254.296	972.068	94.003	-16.146	-113.059
171.000	11.000	1.000	263.409	0.966	0.816	90.556	218.948	970.977	52.404	-14.627	-101.911
171.000	12.000	1.000	256.290	0.990	0.662	73.118	207.626	973.164	72.305	-15.307	-108.310
172.000	1.000	1.000	247.466	0.960	1.091	102.667	170.015	975.196	34.117	-17.623	-129.731
172.000	2.000	1.000	249.603	0.990	2.537	157.139	163.542	969.257	30.356	-14.389	-99.719
172.000	3.000	1.000	260.173	0.996	1.522	200.633	212.673	974.822	39.774	-15.651	-111.651
172.000	4.000	1.000	275.423	0.739	1.230	252.416	261.694	969.146	24.159	-12.965	-90.057
172.000	5.000	1.000	281.684	0.653	2.361	323.888	275.076	967.723	35.685	-10.974	-73.565
172.000	6.000	1.000	288.028	0.724	1.498	292.226	325.270	969.996	42.944	-10.460	-68.468
172.000	7.000	1.000	291.376	0.730	1.127	268.025	346.758	967.993	74.751	-8.350	-52.691
172.000	8.000	1.000	285.784	0.723	2.143	241.964	308.445	972.205	44.030	-11.265	-72.181
172.000	9.000	1.000	283.170	0.778	0.411	164.272	306.513	971.607	86.583	-12.564	-83.667
172.000	10.000	1.000	271.753	0.870	1.359	126.028	251.868	971.634	97.983	-16.280	-114.017
172.000	11.000	1.000	263.144	0.990	1.200	81.688	234.467	970.252	51.360	-15.175	-106.068
172.000	12.000	1.000	257.794	0.990	1.994	68.523	217.207	967.881	54.592	-15.640	-111.183
173.000	1.000	1.000	247.876	0.990	1.842	97.636	178.517	971.617	68.442	-18.127	-132.149
173.000	2.000	1.000	252.969	0.990	2.708	147.017	188.650	969.237	54.014	-15.002	-104.537
173.000	3.000	1.000	258.584	0.990	2.570	223.422	196.785	971.575	20.978	-14.955	-106.811
173.000	4.000	1.000	272.665	0.763	1.935	237.715	260.539	971.589	56.286	-11.750	-75.313
173.000	5.000	1.000	280.461	0.729	2.350	293.179	276.448	970.413	64.698	-10.523	-69.838
173.000	6.000	1.000	287.603	0.692	1.896	326.153	311.386	969.263	32.401	-8.171	-51.456
173.000	7.000	1.000	289.150	0.705	1.655	290.481	326.474	969.034	81.276	-10.859	-72.291
173.000	8.000	1.000	286.433	0.771	1.344	219.604	318.491	971.448	87.003	-10.455	-67.214
173.000	9.000	1.000	281.504	0.788	1.003	173.841	293.088	972.187	96.529	-12.609	-83.167
173.000	10.000	1.000	272.194	0.813	1.288	116.204	252.480	972.629	69.226	-14.682	-100.232
173.000	11.000	1.000	260.859	0.990	1.213	87.345	214.638	972.689	79.105	-16.469	-114.829
173.000	12.000	1.000	246.392	0.929	1.643	87.224	165.666	968.080	34.658	-18.435	-133.630
174.000	1.000	1.000	250.861	0.990	1.430	92.772	189.947	969.519	41.818	-16.430	-117.874
174.000	2.000	1.000	252.215	0.990	2.069	152.649	179.475	972.218	32.526	-14.881	-107.074
174.000	3.000	1.000	260.382	0.998	2.011	212.439	202.862	967.257	43.882	-13.886	-95.381
174.000	4.000	1.000	271.531	0.784	1.229	261.028	248.945	970.976	93.327	-11.753	-78.808
174.000	5.000	1.000	280.277	0.698	2.163	287.995	280.292	968.899	78.295	-11.038	-71.443
174.000	6.000	1.000	286.134	0.706	2.712	280.199	316.843	971.486	57.249	-11.738	-78.032
174.000	7.000	1.000	287.999	0.771	1.190	236.881	333.987	970.101	78.046	-11.250	-74.921
174.000	8.000	1.000	289.611	0.773	0.646	232.460	336.580	971.485	90.240	-8.725	-55.826
174.000	9.000	1.000	282.002	0.765	0.326	174.656	292.495	973.519	53.590	-12.660	-84.092
174.000	10.000	1.000	273.450	0.861	2.059	133.206	248.993	974.005	43.247	-14.817	-101.417
174.000	11.000	1.000	264.484	0.969	1.244	82.245	230.842	972.225	38.575	-16.159	-115.194
174.000	12.000	1.000	256.756	0.990	1.929	73.718	207.673	970.298	92.914	-15.029	-104.862
175.000	1.000	1.000	248.734	0.990	1.840	98.022	178.299	975.079	61.945	-14.838	-104.883
175.000	2.000	1.000	257.501	0.990	1.058	136.245	210.952	966.267	70.036	-14.342	-99.612
175.000	3.000	1.000	259.172	0.981	1.812	216.715	202.712	970.371	66.397	-15.610	-111.248
175.000	4.000	1.000	269.147	0.793	1.700	271.202	238.021	968.176	102.670	-11.215	-71.991
175.000	5.000	1.000	280.391	0.671	2.568	315.078	272.810	968.541	12.668	-9.860	-64.841
175.000	6.000	1.000	286.081	0.692	1.861	311.598	306.941	970.304	36.174	-9.057	-56.489
175.000	7.000	1.000	289.461	0.743	0.734	270.478	330.219	969.495	77.091	-7.022	-42.173
175.000	8.000	1.000	285.700	0.781	1.795	221.159	316.732	969.390	67.261	-10.462	-67.607
175.000	9.000	1.000	281.911	0.842	0.157	143.354	305.613	970.984	252.075	-13.102	-87.150
175.000	10.000	1.000	272.993	0.791	1.777	136.671	240.899	974.012	14.494	-14.209	-97.374
175.000	11.000	1.000	258.334	0.990	2.799	96.349	199.775	973.239	50.076	-15.786	-110.658
175.000	12.000	1.000	249.599	0.990	2.044	81.827	180.530	971.191	25.004	-18.514	-136.399
176.000	1.000	1.000	251.658	0.990	1.527	96.610	192.129	969.355	73.999	-15.312	-107.787
176.000	2.000	1.000	252.123	0.990	1.990	139.493	186.868	968.297	57.860	-12.899	-89.968
176.000	3.000	1.000	260.871	0.990	0.849	207.533	216.227	973.628	88.700	-12.715	-86.331
176.000	4.000	1.000	270.911	0.765	1.428	257.779	245.584	972.043	60.829	-12.262	-82.561
176.000	5.000	1.000	281.167	0.711	1.162	277.852	281.717	970.830	86.493	-10.846	-71.647
176.000	6.000	1.000	285.510	0.642	2.323	331.810	296.852	971.171	39.418	-11.072	-72.475
176.000	7.000	1.000	288.968	0.720	1.265	266.835	329.238	968.902	50.876	-8.888	-55.646
176.000	8.000	1.000	288.948	0.778	0.800	231.133	331.835	971.673	50.583	-10.716	-71.040
176.000	9.000	1.000	280.524	0.741	1.624	192.995	276.335	974.334	29.673	-14.014	-96.235
176.000	10.000	1.000	268.051	0.843	2.976	137.980	227.634	968.811	30.691	-13.212	-91.295
176.000	11.000	1.000	262.358	0.990	0.575	77.048	237.561	966.282	119.986	-15.967	-112.546
176.000	12.000	1.000	246.863	0.990	2.216	83.572	166.382	966.043	44.916	-13.419	-93.257
177.000	1.000	1.000	255.198	0.990	1.658	86.166	210.560	969.038	38.548	-16.494	-117.721
177.000	2.000	1.000	253.893	0.990	2.280	144.350	190.783	968.642	63.833	-13.072	-89.743
177.000	3.000	1.000	264.397	0.945	1.759	213.951	220.858	968.266	49.309	-14.264	-100.693
177.000	4.000	1.000	268.422	0.813	1.674	276.321	232.905	971.618	64.678	-11.751	-77.307
177.000	5.000	1.000	282.280	0.783	1.896	267.376	299.071	970.407	87.779	-11.671	-77.658
177.000	6.000	1.000	286.493	0.619	2.207	363.468	292.811	970.558	18.134	-9.642	-61.684
177.000	7.000	1.000	288.845	0.682	1.867	313.431	315.765	969.816	31.330	-10.111	-67.268
177.000	8.000	1.000	287.277	0.775	1.834	202.959	333.424	971.697	77.622	-9.662	-62.249
177.000	9.000	1.000	282.601	0.788	0.782	174.361	298.708	975.124	53.278	-12.460	-84.124
177.000	10.000	1.000	275.509	0.779	0.921	129.660	255.474	972.730	33.884	-13.629	-93.359
177.000	11.000	1.000	260.581	0.928	1.721	94.048	209.004	971.807	52.145	-14.437	-97.884
177.000	12.000	1.000	250.173	0.990	2.604	81.043	179.862	968.395	67.039	-14.908	-102.813
178.000	1.000	1.000	247.739	0.990	3.759	100.952	170.564	969.790	51.660	-18.199	-133.529
178.000	2.000	1.000	249.634	0.990	3.718	145.141	172.511	971.057	32.180	-13.846	-91.984
178.000	3.000	1.000	257.651	0.943	2.055	229.026	189.211	972.040	29.462	-14.565	-101.499
178.000	4.000	1.000	273.200	0.781	1.856	263.153	253.610	967.807	54.075	-10.927	-70.623
178.000	5.000	1.000	279.937	0.680	2.321	292.538	274.194	970.066	33.209	-11.218	-73.362
178.000	6.000	1.000	288.492	0.748	1.369	281.738	332.847	969.164	52.506	-9.687	-63.256
178.000	7.000	1.000	290.721	0.656	1.411	322.267	323.761	970.478	26.384	-6.883	-42.496
178.000	8.000	1.000	288.438	0.710	0.587	253.525	318.006	971.422	29.516	-7.185	-44.379
178.000	9.000	1.000	281.712	0.871	0.506	147.534	305.344	972.054	156.020	-13.520	-90.944
178.000	10.000	1.000	276.512	0.805	2.115	119.831	267.571	970.165	23.817	-12.159	-81.215
178.000	11.000	1.000	262.969	0.990	1.339	84.366	226.471	971.976	74.569	-15.383	-108.564
178.000	12.000	1.000	256.969	0.818	2.588	87.091	178.140	972.887	4.304	-18.508	-136.497
179.000	1.000	1.000	246.790	0.986	1.139	97.613	172.590	967.409	63.914	-16.868	-122.646
179.000	2.000	1.000	258.154	0.990	1.278	134.488	211.604	970.552	34.004	-17.495	-126.379
179.000	3.000	1.000	262.778	0.953	1.557	213.580	213.225	969.660	66.769	-14.237	-100.561
179.000	4.000	1.000	275.140	0.770	1.572	241.610	256.327	969.657	74.015	-10.249	-64.093
179.000	5.000	1.000	283.030	0.712	1.479	302.520	289.639	968.440	56.014	-10.064	-64.122
179.000	6.000	1.000	286.461	0.763	1.681	260.582	322.829	972.545	77.355	-10.227	-65.862
179.000	7.000	1.000	288.347	0.713	1.927	286.728	322.515	969.540	31.186	-9.534	-61.056
179.000	8.000	1.000	287.506	0.754	1.302	231.259	322.973	969.487	37.154	-9.456	-60.245
179.000	9.000	1.000	280.085	0.787	0.735	161.649	287.464	971.226	56.604	-11.968	-78.822
179.000	10.000	1.000	272.191	0.912	1.212	122.410	252.246	966.909	73.165	-15.025	-102.113
179.000	11.000	1.000	256.046	0.977	3.432	100.611	187.333	967.603	45.621	-17.778	-130.610
179.000	12.000	1.000	247.954	0.990	2.554	85.766	170.695	970.536	68.189	-16.048	-114.452
180.000	1.000	1.000	247.806	0.990	2.452	101.637	168.997	968.996	39.693	-17.310	-123.454
180.000	2.000	1.000	250.627	0.990	1.941	151.302	175.189	976.726	34.813	-16.780	-119.346
180.000	3.000	1.000	261.425	0.996	1.601	216.499	208.541	972.629	35.592	-16.540	-120.176
180.000	4.000	1.000	272.461	0.750	1.811	283.885	245.120	967.397	53.955	-11.838	-77.333
180.000	5.000	1.000	280.028	0.702	3.044	270.237	284.233	970.882	75.753	-11.941	-79.543
180.000	6.000	1.000	286.010	0.689	1.476	288.568	310.451	970.750	48.951	-10.741	-69.546
180.000	7.000	1.000	290.217	0.719	1.613	288.000	334.704	968.537	67.000	-10.497	-69.585
180.000	8.000	1.000	286.392	0.782	1.132	236.035	314.409	970.336	84.350	-9.907	-63.659
180.000	9.000	1.000	281.507	0.727	0.745	181.589	286.989	973.456	23.873	-14.264	-96.334
180.000	10.000	1.000	274.308	0.844	0.611	116.865	259.567	974.139	23.094	-11.199	-73.569
180.000	11.000	1.000	263.052	0.862	1.544	87.258	222.095	973.350	33.912	-16.044	-113.133
180.000	12.000	1.000	253.399	0.990	2.270	78.567	186.496	973.249	28.295	-17.236	-125.199
181.000	1.000	1.000	249.505	0.990	2.161	100.299	175.479	970.026	47.304	-14.496	-100.596
181.000	2.000	1.000	250.786	0.990	2.305	145.389	177.905	971.030	35.832	-13.719	-94.845
181.000	3.000	1.000	259.953	0.926	1.123	215.384	207.932	967.766	62.487	-15.350	-108.252
181.000	4.000	1.000	267.541	0.766	2.435	297.113	220.255	972.071	63.712	-12.168	-82.115
181.000	5.000	1.000	281.482	0.731	1.813	280.159	287.651	966.592	65.632	-11.123	-74.342
181.000	6.000	1.000	286.647	0.712	1.836	312.923	310.259	971.449	40.332	-9.209	-58.577
181.000	7.000	1.000	291.338	0.716	0.608	289.641	338.784	970.680	59.941	-10.061	-64.269
181.000	8.000	1.000	288.372	0.745	0.494	221.473	327.770	971.864	18.843	-8.080	-51.148
181.000	9.000	1.000	281.920	0.792	0.296	150.445	299.388	971.484	70.521	-12.809	-85.444
181.000	10.000	1.000	275.378	0.892	0.938	107.454	275.968	970.225	117.168	-13.530	-92.270
181.000	11.000	1.000	254.271	0.888	2.017	103.557	184.106	973.606	40.191	-15.942	-111.866
181.000	12.000	1.000	259.816	0.990	0.506	64.291	229.796	971.010	86.767	-15.952	-113.831
182.000	1.000	1.000	251.381	0.990	0.309	89.764	192.822	967.408	91.708	-15.908	-113.561
182.000	2.000	1.000	256.369	0.990	1.826	142.409	197.835	970.319	38.288	-13.641	-94.573
182.000	3.000	1.000	261.049	0.961	0.892	205.676	215.013	969.221	110.949	-13.445	-91.681
182.000	4.000	1.000	267.931	0.922	1.348	264.283	237.990	968.650	165.179	-11.715	-76.188
182.000	5.000	1.000	278.940	0.757	1.843	289.226	278.933	971.112	76.591	-10.231	-64.823
182.000	6.000	1.000	287.092	0.729	1.847	308.347	315.875	970.755	54.236	-9.130	-58.211
182.000	7.000	1.000	288.697	0.695	1.652	304.102	320.978	970.190	63.825	-13.704	-92.267
182.000	8.000	1.000	287.132	0.767	0.625	222.216	323.574	971.163	102.998	-9.434	-60.347
182.000	9.000	1.000	282.052	0.823	0.963	158.445	298.414	971.918	78.552	-12.557	-85.075
182.000	10.000	1.000	269.853	0.879	2.997	116.848	244.206	971.701	61.959	-13.896	-96.071
182.000	11.000	1.000	262.999	0.989	1.158	82.070	234.294	972.583	58.091	-17.182	-123.656
182.000	12.000	1.000	250.612	0.959	1.124	81.909	183.601	974.773	23.130	-19.769	-148.126
183.000	1.000	1.000	246.659	0.990	3.182	106.409	162.277	972.961	19.262	-18.552	-136.543
183.000	2.000	1.000	251.857	0.990	1.887	146.198	187.557	971.200	49.084	-15.874	-112.362
183.000	3.000	1.000	263.380	0.979	0.686	197.191	226.029	968.547	59.473	-12.716	-85.159
183.000	4.000	1.000	273.492	0.671	2.928	288.340	236.794	967.932	28.939	-11.153	-72.022
183.000	5.000	1.000	281.703	0.733	1.726	262.813	292.169	970.433	50.760	-8.722	-54.033
183.000	6.000	1.000	288.428	0.696	1.123	303.241	321.161	970.744	47.975	-9.937	-64.326
183.000	7.000	1.000	289.863	0.753	0.967	266.592	335.570	968.696	51.115	-7.897	-48.615
183.000	8.000	1.000	288.831	0.787	0.500	201.868	341.808	969.917	79.621	-11.713	-77.958
183.000	9.000	1.000	281.373	0.830	0.651	161.428	299.299	971.634	123.205	-13.041	-86.270
183.000	10.000	1.000	269.640	0.881	0.531	121.279	249.486	973.385	91.540	-14.058	-95.012
183.000	11.000	1.000	259.136	0.990	1.299	87.612	209.239	968.155	45.566	-16.129	-113.843
183.000	12.000	1.000	248.916	0.990	2.527	78.157	177.681	968.855	48.240	-17.128	-123.218
184.000	1.000	1.000	251.871	0.990	1.813	100.985	182.241	971.313	36.532	-14.497	-102.116
184.000	2.000	1.000	252.732	0.990	2.274	143.950	182.761	970.857	45.538	-16.829	-122.439
184.000	3.000	1.000	260.856	0.895	1.622	218.940	204.421	971.097	50.295	-14.952	-105.545
184.000	4.000	1.000	271.404	0.682	2.617	287.575	226.889	968.366	25.720	-15.762	-112.282
184.000	5.000	1.000	279.286	0.663	2.904	295.308	271.483	973.490	79.924	-12.880	-87.356
184.000	6.000	1.000	288.439	0.751	0.717	294.461	327.334	970.561	63.770	-8.004	-47.968
184.000	7.000	1.000	290.098	0.711	1.767	294.745	328.575	968.971	72.933	-12.799	-86.101
184.000	8.000	1.000	285.551	0.745	1.513	229.304	307.699	971.418	27.415	-10.529	-67.914
184.000	9.000	1.000	283.904	0.849	0.738	159.542	308.798	973.122	64.935	-11.922	-79.743
184.000	10.000	1.000	278.299	0.894	0.503	88.020	298.736	970.237	159.364	-13.531	-91.395
184.000	11.000	1.000	264.431	0.961	0.979	75.241	238.744	968.129	70.535	-14.797	-102.237
184.000	12.000	1.000	258.159	0.990	1.109	69.461	220.908	969.638	94.394	-14.334	-101.408
185.000	1.000	1.000	249.118	0.990	1.535	98.153	177.376	971.732	44.253	-13.066	-90.410
185.000	2.000	1.000	250.103	0.990	2.313	145.934	176.766	970.694	51.701	-15.728	-113.494
185.000	3.000	1.000	262.555	0.990	0.800	198.640	218.455	973.749	58.746	-13.858	-95.725
185.000	4.000	1.000	272.299	0.733	2.102	256.395	254.012	965.862	88.917	-13.052	-89.994
185.000	5.000	1.000	280.885	0.713	2.003	278.687	283.950	969.248	69.591	-12.702	-85.292
185.000	6.000	1.000	287.188	0.655	1.555	326.322	308.065	970.760	74.141	-11.786	-79.447
185.000	7.000	1.000	289.686	0.737	0.794	255.859	339.208	967.317	97.504	-10.605	-69.698
185.000	8.000	1.000	287.323	0.776	1.272	232.930	322.025	970.177	34.082	-8.911	-56.019
185.000	9.000	1.000	285.066	0.760	1.279	197.457	301.760	972.302	24.752	-10.844	-70.180
185.000	10.000	1.000	275.315	0.846	0.529	100.700	279.502	971.779	68.788	-13.761	-93.962
185.000	11.000	1.000	255.868	0.990	2.872	101.507	188.218	969.682	50.352	-15.667	-109.389
185.000	12.000	1.000	250.967	0.990	2.068	79.473	184.235	967.633	65.195	-13.558	-95.571
186.000	1.000	1.000	250.123	0.990	0.153	93.785	190.968	968.982	65.939	-16.074	-114.714
186.000	2.000	1.000	258.015	0.968	2.465	137.940	211.067	970.414	35.401	-14.692	-102.493
186.000	3.000	1.000	260.683	0.990	1.303	213.469	205.198	971.441	50.826	-11.450	-75.451
186.000	4.000	1.000	271.245	0.820	2.139	271.613	242.700	968.425	54.298	-10.807	-68.955
186.000	5.000	1.000	280.403	0.711	2.248	275.814	279.519	966.766	53.332	-11.028	-72.092
186.000	6.000	1.000	285.931	0.687	1.717	315.250	304.734	970.363	71.675	-10.952	-71.264
186.000	7.000	1.000	288.084	0.706	1.570	298.770	315.663	968.111	79.191	-11.064	-73.993
186.000	8.000	1.000	286.422	0.781	0.931	208.609	325.163	970.401	144.341	-12.239	-81.353
186.000	9.000	1.000	281.508	0.778	1.173	175.377	286.934	971.120	63.808	-12.901	-85.508
186.000	10.000	1.000	275.229	0.811	1.312	123.534	262.328	971.771	37.628	-13.136	-90.575
186.000	11.000	1.000	260.416	0.948	0.505	87.544	221.383	971.164	76.839	-16.763	-117.863
186.000	12.000	1.000	250.251	0.990	1.678	75.554	186.659	968.669	46.507	-14.531	-101.357
187.000	1.000	1.000	245.607	0.990	3.076	106.585	157.468	970.835	9.936	-18.049	-132.077
187.000	2.000	1.000	247.358	0.990	2.626	152.317	163.993	970.952	36.805	-15.940	-112.449
187.000	3.000	1.000	261.510	0.990	1.690	207.022	213.303	969.970	44.572	-14.285	-100.984
187.000	4.000	1.000	273.387	0.764	2.532	261.150	245.809	967.014	52.966	-10.322	-65.851
187.000	5.000	1.000	281.209	0.694	2.776	286.848	282.281	966.029	78.025	-10.166	-64.324
187.000	6.000	1.000	288.075	0.760	1.498	294.510	327.566	970.384	54.041	-7.360	-44.493
187.000	7.000	1.000	290.903	0.780	0.973	238.290	352.820	968.908	63.998	-8.624	-53.778
187.000	8.000	1.000	286.962	0.748	1.032	236.560	316.661	970.626	71.621	-9.507	-60.664
187.000	9.000	1.000	282.647	0.764	0.623	186.866	292.770	975.921	54.988	-12.286	-83.007
187.000	10.000	1.000	272.205	0.780	1.867	142.387	237.610	973.971	7.183	-12.312	-87.024
187.000	11.000	1.000	264.315	0.990	1.046	79.441	239.718	970.995	69.652	-15.166	-105.909
187.000	12.000	1.000	257.896	0.990	0.751	67.978	223.060	969.856	110.930	-14.469	-102.085
188.000	1.000	1.000	249.482	0.990	2.493	104.032	173.600	976.307	37.783	-17.962	-132.342
188.000	2.000	1.000	257.668	0.990	1.515	139.612	205.602	972.821	61.604	-13.366	-91.987
188.000	3.000	1.000	259.005	0.951	2.143	226.696	197.446	970.988	39.248	-16.383	-117.988
188.000	4.000	1.000	269.888	0.797	2.009	276.606	236.382	970.280	48.762	-13.280	-88.648
188.000	5.000	1.000	283.089	0.757	1.775	320.264	286.225	967.830	48.125	-6.855	-41.423
188.000	6.000	1.000	288.279	0.738	1.583	284.517	326.617	970.853	74.644	-10.350	-67.679
188.000	7.000	1.000	290.096	0.744	0.973	268.731	340.035	968.842	45.475	-8.161	-51.128
188.000	8.000	1.000	288.710	0.838	1.215	161.160	353.343	970.681	149.212	-9.941	-63.650
188.000	9.000	1.000	281.786	0.802	1.790	149.681	302.174	973.679	86.299	-12.215	-80.524
188.000	10.000	1.000	273.326	0.931	0.416	99.992	274.305	972.733	80.491	-14.892	-102.709
188.000	11.000	1.000	262.927	0.990	1.295	83.365	226.576	969.909	74.736	-14.469	-101.041
188.000	12.000	1.000	248.952	0.990	1.425	81.340	181.630	975.537	57.275	-18.992	-138.613
189.000	1.000	1.000	254.578	0.990	1.138	91.346	202.677	973.963	77.858	-13.865	-97.912
189.000	2.000	1.000	251.762	0.990	0.715	139.319	188.493	970.908	100.507	-15.738	-112.136
189.000	3.000	1.000	261.075	0.922	2.264	219.390	207.211	967.540	28.638	-14.391	-100.065
189.000	4.000	1.000	272.440	0.783	0.547	257.382	255.130	968.428	55.782	-11.695	-75.811
189.000	5.000	1.000	281.823	0.736	2.001	253.786	301.094	970.187	64.203	-11.227	-73.596
189.000	6.000	1.000	286.269	0.673	1.842	310.022	306.594	971.177	46.495	-10.107	-65.466
189.000	7.000	1.000	291.073	0.759	1.638	269.126	344.657	970.905	53.035	-8.333	-52.130
189.000	8.000	1.000	288.028	0.769	0.856	223.913	325.122	971.974	69.788	-9.211	-58.706
189.000	9.000	1.000	281.502	0.790	0.344	174.720	290.925	974.214	138.283	-12.111	-79.420
189.000	10.000	1.000	272.024	0.813	1.144	131.674	244.994	972.145	20.889	-12.832	-90.529
189.000	11.000	1.000	259.452	0.990	0.518	85.579	217.301	969.957	67.483	-16.339	-113.517
189.000	12.000	1.000	252.678	0.990	0.378	74.013	202.568	975.564	97.155	-14.957	-107.125
190.000	1.000	1.000	249.123	0.990	2.926	97.343	178.833	968.308	26.345	-15.013	-109.207
190.000	2.000	1.000	254.264	0.990	1.901	141.252	195.887	973.559	53.227	-16.913	-123.833
190.000	3.000	1.000	260.588	0.987	1.311	215.120	208.619	969.940	60.999	-15.332	-107.950
190.000	4.000	1.000	271.409	0.756	1.534	268.229	245.369	971.099	78.641	-13.968	-93.902
190.000	5.000	1.000	282.441	0.685	1.862	307.341	282.946	969.580	35.777	-9.788	-63.756
190.000	6.000	1.000	286.059	0.709	1.232	296.396	308.273	971.243	66.565	-11.029	-72.526
190.000	7.000	1.000	289.581	0.716	1.281	293.982	327.963	971.107	66.099	-7.004	-40.418
190.000	8.000	1.000	287.694	0.799	2.072	170.451	346.191	970.131	121.411	-10.908	-71.870
190.000	9.000	1.000	282.487	0.770	1.237	185.656	289.553	972.226	50.333	-11.527	-75.887
190.000	10.000	1.000	274.881	0.916	0.377	111.652	266.823	974.997	103.135	-16.145	-112.717
190.000	11.000	1.000	262.752	0.942	2.974	90.361	212.641	972.636	30.305	-16.279	-117.581
190.000	12.000	1.000	249.206	0.990	0.812	81.024	175.042	973.309	42.789	-16.438	-116.458
191.000	1.000	1.000	249.658	0.990	1.339	97.136	181.369	972.629	43.468	-15.947	-115.872
191.000	2.000	1.000	251.498	0.990	2.808	152.352	175.043	970.405	20.913	-13.869	-97.010
191.000	3.000	1.000	262.626	0.969	1.719	204.096	216.582	969.944	55.818	-12.401	-84.998
191.000	4.000	1.000	272.079	0.729	2.259	281.879	238.365	971.298	59.090	-12.057	-80.558
191.000	5.000	1.000	281.529	0.759	1.592	252.464	297.287	969.811	126.194	-11.533	-75.195
191.000	6.000	1.000	286.335	0.686	2.035	313.100	305.189	968.976	32.579	-10.383	-66.982
191.000	7.000	1.000	287.973	0.729	1.860	267.407	324.113	969.824	40.043	-9.860	-63.547
191.000	8.000	1.000	286.501	0.770	1.066	230.266	315.635	970.485	61.362	-11.319	-75.313
191.000	9.000	1.000	284.918	0.843	0.853	139.988	324.583	974.589	165.518	-11.451	-75.441
191.000	10.000	1.000	266.049	0.914	0.920	112.669	239.838	974.426	79.308	-15.366	-107.495
191.000	11.000	1.000	258.964	0.969	0.986	99.216	204.168	971.730	26.705	-17.285	-123.749
191.000	12.000	1.000	245.786	0.990	1.973	81.207	167.147	976.891	42.136	-17.117	-123.609
192.000	1.000	1.000	247.754	0.990	3.574	105.224	164.718	971.292	15.069	-18.202	-135.882
192.000	2.000	1.000	253.862	0.990	2.210	144.144	191.638	965.106	36.394	-14.169	-96.658
192.000	3.000	1.000	258.147	0.957	2.423	233.260	185.958	968.882	22.411	-13.545	-90.801
192.000	4.000	1.000	271.568	0.740	1.505	262.562	241.696	971.015	88.790	-12.197	-82.544
192.000	5.000	1.000	283.715	0.676	1.256	305.369	289.783	969.801	40.944	-10.009	-64.783
192.000	6.000	1.000	287.447	0.692	1.485	304.113	315.263	969.020	52.411	-10.122	-67.952
192.000	7.000	1.000	288.907	0.712	1.756	285.378	325.349	970.602	34.259	-8.188	-50.989
192.000	8.000	1.000	290.366	0.787	0.516	220.499	344.479	971.052	73.098	-6.893	-42.061
192.000	9.000	1.000	283.844	0.831	0.946	164.087	306.177	972.580	70.822	-10.858	-71.513
192.000	10.000	1.000	277.761	0.843	1.433	116.041	273.915	967.609	54.657	-14.049	-96.610
192.000	11.000	1.000	263.122	0.990	1.474	86.610	223.760	966.131	46.597	-15.145	-104.802
192.000	12.000	1.000	250.639	0.936	0.860	79.412	188.777	970.244	39.626	-17.515	-126.723
193.000	1.000	1.000	248.321	0.985	3.002	105.314	168.630	971.425	11.839	-17.003	-125.718
193.000	2.000	1.000	254.533	0.990	3.318	152.612	186.626	968.593	35.940	-17.344	-126.279
193.000	3.000	1.000	264.763	0.911	0.774	209.204	222.398	967.086	42.890	-12.872	-88.339
193.000	4.000	1.000	273.581	0.811	1.764	246.112	260.222	969.384	65.461	-12.252	-82.374
193.000	5.000	1.000	280.708	0.707	2.749	257.650	287.114	965.009	74.863	-12.640	-86.123
193.000	6.000	1.000	286.163	0.687	2.002	284.139	313.159	971.299	50.230	-12.416	-85.328
193.000	7.000	1.000	291.268	0.768	0.527	258.354	351.675	969.225	85.477	-8.832	-55.387
193.000	8.000	1.000	287.192	0.706	1.317	255.390	312.555	971.886	23.594	-9.481	-60.194
193.000	9.000	1.000	280.402	0.791	0.889	166.181	293.256	973.365	108.046	-13.872	-94.271
193.000	10.000	1.000	273.569	0.870	2.410	135.975	247.728	970.247	13.999	-12.496	-87.554
193.000	11.000	1.000	262.491	0.990	0.713	78.749	236.247	970.394	113.322	-15.541	-110.048
193.000	12.000	1.000	255.025	0.990	1.175	73.112	205.096	971.814	73.512	-14.420	-100.679
194.000	1.000	1.000	247.594	0.990	0.655	96.785	180.109	974.986	62.485	-15.352	-110.846
194.000	2.000	1.000	251.960	0.990	2.096	141.875	183.632	973.591	38.956	-13.978	-96.111
194.000	3.000	1.000	262.778	0.922	1.781	214.360	215.278	971.518	46.752	-15.154	-105.973
194.000	4.000	1.000	275.458	0.816	1.422	215.953	269.268	969.651	111.481	-11.162	-72.529
194.000	5.000	1.000	279.919	0.695	3.001	305.920	269.095	967.677	71.451	-11.960	-79.018
194.000	6.000	1.000	286.755	0.760	1.121	258.911	324.806	970.474	78.809	-8.296	-50.632
194.000	7.000	1.000	288.488	0.752	2.103	263.001	329.640	971.106	51.410	-9.622	-61.357
194.000	8.000	1.000	286.520	0.756	1.482	215.311	321.313	972.249	72.063	-8.907	-54.027
194.000	9.000	1.000	280.363	0.798	1.043	190.161	277.955	974.301	41.764	-9.403	-58.692
194.000	10.000	1.000	273.525	0.805	1.671	126.769	248.486	970.505	66.457	-13.661	-91.939
194.000	11.000	1.000	259.514	0.951	1.664	96.027	206.556	973.494	48.788	-15.393	-106.198
194.000	12.000	1.000	247.387	0.990	2.962	86.224	162.479	969.300	56.124	-16.207	-114.769
195.000	1.000	1.000	248.136	0.990	2.667	101.963	170.662	969.348	20.430	-15.051	-105.200
195.000	2.000	1.000	255.789	0.990	1.769	141.290	198.237	970.360	50.345	-15.732	-112.553
195.000	3.000	1.000	257.405	0.920	2.085	224.556	191.869	967.911	47.288	-16.584	-120.164
195.000	4.000	1.000	270.069	0.887	0.832	245.100	254.285	968.105	54.166	-12.420	-84.043
195.000	5.000	1.000	282.131	0.679	1.942	293.950	284.731	972.441	31.211	-11.586	-78.890
195.000	6.000	1.000	288.139	0.698	1.784	307.464	317.864	971.008	33.040	-9.017	-59.373
195.000	7.000	1.000	289.620	0.710	1.273	287.160	327.752	969.988	62.358	-8.006	-49.442
195.000	8.000	1.000	288.471	0.736	0.707	222.486	326.701	969.905	52.750	-10.530	-68.627
195.000	9.000	1.000	283.318	0.797	1.137	158.018	308.084	975.157	90.939	-13.803	-93.641
195.000	10.000	1.000	271.961	0.851	1.078	133.480	240.219	975.052	36.977	-14.779	-99.303
195.000	11.000	1.000	260.665	0.869	2.794	97.805	199.285	969.080	21.673	-17.634	-128.721
195.000	12.000	1.000	255.340	0.990	1.052	72.986	206.241	970.817	83.904	-13.861	-96.997
196.000	1.000	1.000	247.886	0.990	2.979	98.045	174.198	970.338	49.540	-15.880	-113.961
196.000	2.000	1.000	256.387	0.990	1.417	141.214	202.745	966.287	40.377	-16.564	-118.542
196.000	3.000	1.000	262.919	0.918	1.803	223.963	211.098	965.397	73.151	-13.850	-96.191
196.000	4.000	1.000	271.724	0.802	1.132	245.389	249.050	967.348	69.146	-12.093	-78.770
196.000	5.000	1.000	279.560	0.688	2.481	303.547	269.615	969.856	32.220	-11.621	-77.631
196.000	6.000	1.000	284.646	0.666	2.271	298.423	303.745	970.110	20.905	-10.302	-65.186
196.000	7.000	1.000	288.271	0.687	2.221	290.246	321.106	970.665	46.438	-10.808	-70.837
196.000	8.000	1.000	285.915	0.753	1.955	209.794	321.569	971.641	68.185	-9.882	-63.241
196.000	9.000	1.000	282.298	0.802	0.655	158.374	301.834	972.409	91.351	-13.003	-88.109
196.000	10.000	1.000	273.053	0.830	0.763	109.618	263.211	970.558	122.519	-14.386	-97.714
196.000	11.000	1.000	259.130	0.990	2.674	95.347	208.070	969.010	41.734	-14.747	-100.488
196.000	12.000	1.000	250.038	0.990	2.256	79.499	178.936	968.009	37.410	-15.950	-114.233
197.000	1.000	1.000	248.947	0.990	2.989	103.004	170.627	970.634	24.048	-16.632	-118.618
197.000	2.000	1.000	256.413	0.990	1.984	132.439	203.850	970.253	75.805	-15.800	-112.748
197.000	3.000	1.000	260.414	0.926	2.177	238.548	191.442	971.142	6.513	-16.710	-126.927
197.000	4.000	1.000	271.942	0.741	1.765	274.940	239.920	968.948	63.367	-11.010	-72.240
197.000	5.000	1.000	281.119	0.719	2.204	270.951	290.664	967.029	82.963	-11.110	-72.973
197.000	6.000	1.000	287.160	0.713	1.322	307.876	315.515	970.621	43.135	-10.545	-68.469
197.000	7.000	1.000	290.265	0.750	1.244	246.136	343.617	969.630	84.407	-10.112	-65.768
197.000	8.000	1.000	287.472	0.751	1.280	255.968	315.114	972.792	36.594	-9.990	-65.675
197.000	9.000	1.000	281.187	0.808	0.980	165.979	292.081	971.459	91.478	-13.008	-87.321
197.000	10.000	1.000	272.272	0.874	1.455	127.599	245.174	971.681	54.569	-14.589	-101.237
197.000	11.000	1.000	261.351	0.912	1.927	95.957	206.326	970.511	15.131	-15.757	-116.196
197.000	12.000	1.000	254.362	0.999	0.673	75.698	197.762	977.078	26.642	-17.547	-126.729
198.000	1.000	1.000	254.621	0.990	0.336	85.785	204.064	976.762	75.918	-14.798	-106.550
198.000	2.000	1.000	253.457	0.990	2.566	149.560	185.423	972.152	35.821	-18.182	-130.514
198.000	3.000	1.000	255.798	0.934	2.545	230.561	185.084	972.189	35.023	-14.973	-105.600
198.000	4.000	1.000	273.484	0.746	2.540	268.297	250.333	969.000	33.263	-13.612	-93.887
198.000	5.000	1.000	281.671	0.687	2.283	321.613	274.906	969.495	31.348	-12.033	-82.282
198.000	6.000	1.000	286.530	0.679	2.198	340.171	300.850	971.095	38.749	-8.588	-53.296
198.000	7.000	1.000	291.968	0.757	0.312	264.349	351.833	969.927	106.924	-8.868	-56.108
198.000	8.000	1.000	287.276	0.727	1.403	255.332	311.712	971.830	42.004	-8.851	-55.697
198.000	9.000	1.000	280.252	0.770	0.178	187.609	277.788	974.783	61.228	-12.738	-86.502
198.000	10.000	1.000	276.257	0.849	1.216	104.784	277.361	970.490	78.869	-12.395	-82.291
198.000	11.000	1.000	260.429	0.998	1.024	88.639	218.452	970.909	67.574	-17.923	-128.887
198.000	12.000	1.000	251.726	0.990	1.628	73.058	195.636	969.837	71.858	-16.071	-113.341
199.000	1.000	1.000	250.200	0.990	0.608	95.016	186.814	974.527	62.902	-14.702	-104.365
199.000	2.000	1.000	253.570	0.936	0.972	151.116	188.205	968.821	52.436	-14.439	-99.750
199.000	3.000	1.000	258.521	0.976	1.665	230.065	195.887	971.022	40.496	-14.570	-103.260
199.000	4.000	1.000	272.013	0.814	0.960	257.099	254.326	970.434	91.233	-13.122	-87.890
199.000	5.000	1.000	283.795	0.744	0.983	252.622	307.324	969.912	62.208	-9.806	-64.856
199.000	6.000	1.000	286.693	0.743	0.790	266.356	319.826	970.799	96.650	-9.073	-58.593
199.000	7.000	1.000	289.249	0.743	1.603	274.925	332.818	971.062	37.584	-7.512	-44.889
199.000	8.000	1.000	289.606	0.803	0.481	208.806	344.201	970.599	83.341	-8.997	-58.085
199.000	9.000	1.000	282.251	0.825	0.419	167.796	296.754	972.236	72.489	-11.829	-78.820
199.000	10.000	1.000	275.812	0.882	0.135	115.392	269.255	972.298	68.365	-14.007	-94.078
199.000	11.000	1.000	256.908	0.962	1.162	93.351	201.966	975.419	55.226	-14.659	-101.122
199.000	12.000	1.000	249.385	0.990	1.730	75.659	187.380	969.639	76.624	-17.107	-121.947
200.000	1.000	1.000	246.673	0.990	0.330	95.025	180.192	974.503	82.202	-15.314	-108.454
200.000	2.000	1.000	260.128	0.990	0.823	131.815	224.207	971.961	63.801	-14.863	-105.639
200.000	3.000	1.000	259.631	0.974	1.869	223.160	199.758	967.698	58.745	-14.587	-101.212
200.000	4.000	1.000	271.116	0.893	1.760	270.816	249.035	968.362	65.295	-12.369	-81.900
200.000	5.000	1.000	279.340	0.655	3.670	330.212	259.406	968.265	21.446	-11.847	-81.811
200.000	6.000	1.000	288.147	0.727	0.816	299.707	321.459	971.724	45.607	-8.264	-52.151
200.000	7.000	1.000	289.957	0.734	1.328	253.122	341.028	969.429	56.231	-9.780	-64.347
200.000	8.000	1.000	288.728	0.724	1.069	241.193	325.554	970.160	56.761	-9.958	-64.471
200.000	9.000	1.000	280.737	0.733	1.834	220.405	263.833	974.075	1.916	-8.533	-56.340
200.000	10.000	1.000	274.981	0.880	0.938	111.383	266.974	973.095	106.476	-14.224	-97.803
200.000	11.000	1.000	263.377	0.930	0.820	90.014	223.096	972.244	73.149	-16.203	-113.949
200.000	12.000	1.000	253.039	0.990	0.869	74.646	200.337	976.781	81.387	-14.542	-105.381
